Name,tc,pc,w,L,M,N,c
"1,1-DIMETHOXYETHANE",507.80,37.73,0.3277,0.1447,0.8299,2.9049,-1.5929
"1,1-DIMETHYLCYCLOHEXANE",591.15,29.38,0.2326,1.3819,1.0000,0.4905,8.0818
"1,1-DIMETHYLCYCLOPENTANE",547.00,34.45,0.2724,0.2423,0.8447,2.1649,-11.6878
"1,1-DIPHENYLETHANE",775.00,26.80,0.4566,1.3207,0.9938,0.7500,9.4664
"1,2,3,4-TETRAHYDRONAPHTHALENE",720.00,36.50,0.3353,0.3071,0.8304,2.0408,3.1306
"1,2,3,4-TETRAMETHYLBENZENE",693.00,31.10,0.4172,0.3274,0.8571,2.4401,5.7288
"1,2,3,4-TETRAMETHYLCYCLOHEXANE",642.00,25.70,0.4016,0.8588,0.8772,2.1639,-12.0990
"1,2,3,5-TETRAETHYLBENZENE",708.00,20.70,0.5940,0.5284,0.8453,1.5203,25.6989
"1,2,3,5-TETRAMETHYLBENZENE",679.00,29.70,0.4242,0.4246,0.8455,1.9695,8.7088
"1,2,3,6-TETRAHYDROBENZALDEHYDE",655.00,40.30,0.3638,0.9066,0.8679,1.2287,-3.1371
"1,2,3-TRICHLOROBENZENE",734.00,45.10,0.4263,0.5134,0.8535,1.9598,-22.4623
"1,2,3-TRICHLOROPROPANE",652.00,38.70,0.3056,1.6115,1.0000,0.4701,22.3025
"1,2,3-TRIETHYLBENZENE",683.00,23.80,0.5054,1.0192,0.7835,0.5922,N.A.
"1,2,3-TRIMETHYL-4-ETHYLBENZENE",702.70,27.95,0.4574,0.2176,0.8147,2.8422,8.6849
"1,2,3-TRIMETHYLBENZENE",664.50,34.54,0.3666,0.4031,0.8452,1.8604,5.1802
"1,2,4,5-TETRAMETHYLBENZENE",676.00,29.00,0.4217,0.7669,0.9008,1.2474,15.2183
"1,2,4-TRICHLOROBENZENE",725.00,37.20,0.3581,0.6029,0.8306,1.2936,N.A.
"1,2,4-TRIETHYLBENZENE",684.00,23.80,0.5011,2.0296,0.9993,0.2910,29.5590
"1,2,4-TRIMETHYL-3-ETHYLBENZENE",697.30,27.95,0.4569,0.4164,0.8721,2.2298,5.2923
"1,2,4-TRIMETHYL-5-ETHYLBENZENE",687.30,26.78,0.4638,0.2436,0.8315,2.8749,10.0690
"1,2,4-TRIMETHYLBENZENE",649.10,32.32,0.3787,0.2987,0.8422,2.3166,6.7697
"1,2-BUTADIENE",452.00,43.60,0.1659,1.1644,0.7457,0.5078,4.6826
"1,2-DIBROMOETHANE",650.15,54.77,0.2067,1.2779,0.9998,0.5019,1.2160
"1,2-DIBROMOTETRAFLUOROETHANE",487.80,33.93,0.2431,0.1320,0.8411,2.6976,-3.9834
"1,2-DICHLORO-1,1,2-TRIFLUOROETHANE",461.60,36.10,0.2410,0.1638,0.8497,2.5537,1.6840
"1,2-DICHLOROBUTANE",600.00,36.80,0.2988,0.1911,0.8456,2.6211,11.1323
"1,2-DICHLOROETHANE",561.60,53.70,0.2866,0.2197,0.8566,2.4465,-0.5590
"1,2-DICHLOROPROPANE",572.00,42.40,0.2564,0.2978,0.8289,1.7859,4.4344
"1,2-DICHLOROTETRAFLUOROETHANE",418.85,32.60,0.2520,0.1492,0.8439,2.6505,-5.0372
"1,2-DIETHOXYETHANE",561.00,29.30,0.4818,0.1261,0.8090,3.3672,4.5475
"1,2-DIMETHOXYETHANE",536.15,38.71,0.3475,0.3453,0.7852,1.7503,2.1968
"1,2-DIMETHOXYPROPANE",543.00,34.46,0.3522,0.1640,0.8304,2.8962,N.A.
"1,2-DIPHENYLETHANE",780.00,26.50,0.4885,0.2895,0.8378,2.7567,12.5638
"1,2-EPOXY-3-PHENOXYPROPANE",720.00,29.50,0.5943,0.3096,0.8278,2.9476,33.3754
"1,2-EPOXYBUTANE",526.00,43.90,0.2345,0.6564,0.8139,0.9566,6.9365
"1,2-PENTADIENE",500.00,38.00,0.1542,0.4824,0.0000,0.5328,9.8717
"1,2-PROPANEDIAMINE",587.00,52.70,0.4738,1.1405,0.9966,0.9092,-10.2894
"1,2-PROPYLENE OXIDE",482.25,49.20,0.2683,0.2333,0.8509,2.2533,10.2853
"1,3,5,7-CYCLOOCTATETRAENE",641.40,44.20,0.2870,0.2695,0.7873,1.5749,N.A.
"1,3,5-TRICHLOROBENZENE",718.00,37.20,0.3596,1.1232,0.9996,0.7741,8.0124
"1,3,5-TRIETHYLBENZENE",678.00,23.00,0.5077,0.5427,0.8639,2.3405,10.2061
"1,3-BENZENEDIOL",810.00,74.90,0.6767,0.2970,0.8162,3.1972,-22.7481
"1,3-BUTADIENE",425.00,43.20,0.1950,0.1618,0.8592,2.4088,-1.6140
"1,3-BUTANEDIOL",676.00,40.20,0.7043,1.7992,1.0000,0.7085,35.2781
"1,3-CYCLOHEXADIENE",558.00,47.30,0.2308,0.4430,0.8195,1.2648,-8.7709
"1,3-DICHLORO-2-PROPANOL",633.00,45.00,0.6997,1.4797,0.9006,1.8943,-12.7072
"1,3-DICHLOROPROPANE",603.00,41.50,0.2916,0.3538,0.8607,1.8621,14.8464
"1,3-DIMETHYLADAMANTANE",708.00,30.00,0.2935,0.2104,0.8501,2.5432,-19.2947
"1,3-DIOXANE",590.00,51.50,0.2891,1.2417,1.0000,0.6823,-3.8012
"1,3-PROPYLENE GLYCOL",724.00,95.00,0.7385,0.5908,0.8682,2.2810,-23.7571
"1,3-PROPYLENE OXIDE",520.00,57.50,0.2005,0.1339,0.8501,2.5480,7.5880
"1,4-BUTANEDIISOCYANATE",724.30,29.47,0.4258,0.4631,0.8464,1.9349,48.3993
"1,4-CYCLOHEXADIENE",569.00,47.30,0.2048,0.2804,0.8758,2.1813,-4.7721
"1,4-DIBROMOBENZENE",738.15,44.72,0.4257,0.5500,0.9130,1.7700,-12.7790
"1,4-DICHLOROBUTANE",641.00,36.10,0.3260,0.1564,0.8319,2.8669,21.0584
"1,4-DICYANO-2-BUTENE",755.00,29.50,0.6668,0.2741,0.8130,3.2706,N.A.
"1,4-DIOXANE",587.00,52.08,0.2793,0.1396,0.8371,2.7697,-1.7798
"1,4-DI-tert-BUTYLBENZENE",708.00,23.00,0.5023,0.2711,0.8318,2.8683,-18.1145
"1,4-HEXADIENE",510.00,33.50,0.2800,0.1509,0.8398,2.7210,1.6182
"1,4-PENTADIENE",479.00,37.40,0.0837,0.0000,0.2467,0.6200,-0.6275
"1,5-CYCLOOCTADIENE",645.00,39.00,0.2858,0.1495,0.8375,2.7620,-11.5141
"1,5-DICHLOROPENTANE",668.00,31.90,0.3766,0.3717,0.7828,1.7522,24.6491
"1,5-HEXADIENE",508.00,33.50,0.2259,0.1375,0.8457,2.6203,2.6461
"1,5-PENTANEDIAMINE",642.00,37.35,0.5874,0.5971,0.8915,1.9938,-3.4806
"1,5-PENTANEDIOL",673.00,41.50,1.2216,0.9352,0.8736,2.2100,8.1466
"1,6-HEXANEDIOL",683.00,36.10,1.2162,1.6564,0.9719,1.2746,N.A.
1-AMINO-2-PROPANOL,614.00,56.70,0.7870,0.6746,0.8776,2.1587,-4.0153
1-BROMOBUTANE,570.40,40.41,0.3113,0.3795,0.8917,1.9919,-3.7576
1-BROMOHEPTANE,646.10,28.97,0.4527,0.4481,0.8802,2.1267,-5.5980
1-BROMONAPHTHALENE,824.00,37.00,0.3692,0.1723,0.8295,2.9141,10.7139
1-BROMOPROPANE,535.50,45.78,0.2811,0.4389,0.9167,1.7342,-0.7594
1-BUTANOL,563.10,44.14,0.5883,1.6267,1.0000,0.6998,1.9193
1-BUTENE,419.50,40.20,0.1845,0.1628,0.8604,2.3903,-3.4607
"1-CHLORO-1,1-DIFLUOROETHANE",410.29,40.41,0.2307,0.1787,0.8556,2.4625,-0.0219
1-CHLORONAPHTHALENE,785.00,34.00,0.3827,0.4074,0.8834,2.0873,20.1242
1-CHLOROPENTANE,571.20,33.52,0.2952,0.1817,0.8435,2.6574,7.8797
1-cis-2-trans-4-TRIMETHYLCYCLOPENTANE,579.26,28.78,0.2775,0.1503,0.8381,2.7131,5.7267
1-DECANOL,688.00,23.08,0.6070,2.2126,0.7960,0.5602,13.8728
1-DECENE,616.60,22.23,0.4805,0.2959,0.8254,2.5863,6.2974
1-DECYNE,619.85,23.70,0.5178,1.0137,0.8727,2.2218,-19.7790
1-DODECANOL,718.70,19.54,0.6556,0.1927,0.7992,3.6279,22.9771
1-DODECENE,657.10,18.88,0.5620,0.4196,0.8014,2.1791,17.8499
1-EICOSENE,771.00,12.20,0.8804,0.4783,0.8287,2.9294,43.9442
1-ETHYL-2-ISOPROPYLBENZENE,666.00,26.70,0.4176,1.6121,1.0000,0.4441,14.3888
1-ETHYLCYCLOHEXENE,614.90,33.05,0.2922,0.1547,0.8374,2.7645,2.1840
1-ETHYLNAPHTHALENE,776.00,33.20,0.4073,0.2601,0.8431,2.6637,5.4641
1-HEPTADECENE,736.00,14.10,0.7503,0.4575,0.8387,2.7414,33.5445
1-HEPTANOL,632.30,30.85,0.5621,2.2282,0.8430,0.5185,-3.9113
1-HEPTENE,537.40,29.20,0.3432,0.2110,0.8430,2.6655,-1.7561
1-HEPTYNE,547.00,32.10,0.3778,0.3061,0.8594,2.4048,-5.7119
1-HEXADECANOL,768.60,14.68,0.7788,0.2632,0.8003,3.5971,49.3537
1-HEXADECENE,722.00,14.80,0.7242,0.3741,0.8209,2.9537,32.0534
1-HEXANOL,611.30,34.46,0.5586,2.3582,1.0000,0.4486,4.1534
1-HEXENE,504.00,32.10,0.2851,1.2793,0.9087,0.4794,1.4594
1-HEXYNE,516.20,36.20,0.3327,0.2899,0.8641,2.3384,-5.4088
1-ISOPROPOXY-2-PROPANOL,562.00,33.60,0.7681,1.3256,0.8947,1.9581,-34.2395
1-METHOXY-2-PROPANOL PROPANOATE,611.70,26.02,0.5099,0.1185,0.8011,3.5745,N.A.
1-METHYL-1-ETHYLCYCLOPENTANE,582.00,30.20,0.3298,0.3560,0.8812,2.1146,-2.6309
1-METHYL-2-n-PROPYLBENZENE,662.00,29.40,0.4070,0.3606,0.8670,2.2972,2.6941
1-METHYL-3-HYDROXY-5-ISOPROPYL BENZENE,726.80,34.08,0.5863,0.1633,0.7978,3.5198,N.A.
1-METHYL-3-n-PROPYLBENZENE,654.00,28.10,0.4128,0.2618,0.8428,2.6683,3.7808
1-METHYL-4-n-PROPYLBENZENE,656.00,28.10,0.4134,0.2811,0.8471,2.5957,0.4227
1-METHYL-4-VINYLCYCLOHEXENE,626.00,31.20,0.3445,1.4901,1.0000,0.3582,10.3654
1-METHYLCYCLOPENTENE,542.00,41.30,0.2318,1.1351,1.0000,0.7315,-6.8863
1-METHYLINDENE,703.00,34.60,0.3349,0.1713,0.8346,2.8152,9.4293
1-METHYLNAPHTHALENE,772.00,36.00,0.3416,1.3467,0.9999,0.6146,9.4826
1-METHYLVINYL ACETATE,552.20,41.81,0.4027,0.3572,0.8667,2.3020,-14.2930
1-NITROPROPANE,605.00,43.50,0.4128,0.5003,0.9020,1.8803,12.8592
1-NONADECENE,760.00,12.80,0.8325,0.5414,0.8452,2.6271,39.4911
1-NONANOL,670.90,25.27,0.5841,2.0611,0.6903,0.6168,13.2770
1-NONENE,593.10,24.28,0.4367,0.2621,0.8334,2.6708,2.2272
1-NONYNE,598.05,26.10,0.4710,0.9590,0.8740,2.1070,-19.6689
1-OCTADECANOL,789.30,12.95,0.8322,0.2619,0.7959,3.7231,66.6824
1-OCTADECENE,748.00,13.40,0.7943,0.5200,0.8457,2.6201,35.9779
1-OCTANOL,652.30,27.83,0.5697,2.8339,0.9963,0.3740,4.6097
1-OCTENE,566.90,26.63,0.3921,0.2340,0.8402,2.7132,-0.8110
1-OCTYNE,574.00,28.80,0.4233,0.2860,0.8469,2.6002,-3.8983
1-PENTADECANOL,757.30,15.69,0.7507,0.2521,0.8009,3.5821,N.A.
1-PENTADECENE,708.00,15.70,0.6815,0.3996,0.8141,2.6593,26.9347
1-PENTANOL,588.10,38.97,0.5748,1.6858,1.0000,0.6618,1.4782
1-PENTENE,464.80,35.60,0.2372,0.1733,0.8531,2.5009,-2.8240
1-PENTYNE,481.20,41.70,0.2899,0.2989,0.8752,2.1885,-12.3481
1-PHENYLNAPHTHALENE,849.00,26.30,0.5309,0.2267,0.8192,3.1289,25.8106
1-PROPANOL,536.80,51.69,0.6209,1.3795,1.0000,0.8772,3.2777
1-TETRADECANOL,745.30,16.82,0.7168,1.9654,0.5317,0.6998,41.0991
1-TETRADECENE,691.00,16.27,0.6503,0.4654,0.8017,2.2553,31.8180
"1-trans-3,5-TRIMETHYLCYCLOHEXANE",602.20,28.40,0.3671,0.6455,0.8637,2.0247,-21.2129
1-TRIDECANOL,732.40,18.10,0.6881,0.2009,0.7978,3.6694,29.3763
1-TRIDECENE,674.80,17.49,0.6074,0.3761,0.8142,2.5702,23.6047
1-UNDECANOL,703.90,21.19,0.6236,0.1721,0.7985,3.6482,16.1485
1-UNDECENE,637.80,20.44,0.5225,0.3342,0.8155,2.4741,11.6402
2-(2-HEXOXYETHOXY)ETHANOL,684.00,24.10,1.1110,1.4184,0.8732,2.2143,-47.3721
2-(2-PENTOXYETHOXY)ETHANOL,705.30,25.03,0.7047,0.1718,0.7231,3.0821,N.A.
2-(alpha-METHYLBENZYLOXY)-1-PROPANOL,722.70,24.92,0.6421,1.5102,0.9040,1.8590,N.A.
"2-(DIFLUOROMETHOXY)-1,1,1-TRIFLUOROETHANE",444.03,34.20,0.3887,0.1805,0.8285,2.9336,-1.3147
"2,2,3,3-TETRAMETHYLBUTANE",568.00,28.70,0.2450,0.2431,0.8337,1.9847,-9.1528
"2,2,3,3-TETRAMETHYLHEXANE",623.00,25.10,0.3659,0.2628,0.8513,2.5293,-10.0280
"2,2,3,3-TETRAMETHYLPENTANE",607.50,27.41,0.3051,0.2044,0.8475,2.5889,-8.4140
"2,2,3,4-TETRAMETHYLPENTANE",592.60,26.00,0.3138,0.3628,0.8202,1.7237,-5.8615
"2,2,3-TRIMETHYLBUTANE",531.10,29.50,0.2501,0.1743,0.8506,2.5403,-5.3985
"2,2,3-TRIMETHYLPENTANE",563.50,27.30,0.2971,0.2296,0.8290,2.2405,-1.4558
"2,2,4,4,6,8,8-HEPTAMETHYLNONANE",692.00,15.70,0.5482,0.2763,0.8271,2.9612,17.6192
"2,2,4,4-TETRAMETHYLPENTANE",574.60,24.90,0.3136,0.3235,0.8401,1.9576,-7.5816
"2,2,4-TRIMETHYL-1,3-PENTANEDIOL",697.90,27.04,0.5958,0.0578,0.7437,3.5569,31.4414
"2,2,4-TRIMETHYLPENTANE",543.80,25.70,0.3035,0.2476,0.8486,2.3310,-4.1378
"2,2,5,5-TETRAMETHYLHEXANE",581.40,21.90,0.3767,1.1288,0.8753,0.7804,-3.8453
"2,2,5-TRIMETHYLHEXANE",569.80,23.30,0.3446,1.3494,0.9219,0.6201,0.3715
"2,2-DICHLORO-1,1,1-TRIFLUOROETHANE",456.94,36.76,0.2825,0.3129,0.8218,1.7940,-1.6916
"2,2-DIMETHYL-1-PROPANOL",552.70,40.78,0.5950,0.2505,0.7192,2.4364,N.A.
"2,2-DIMETHYL-3-ETHYLPENTANE",590.00,25.70,0.3353,0.1609,0.8323,2.8592,-7.2111
"2,2-DIMETHYLBUTANE",489.00,31.00,0.2341,0.1771,0.8546,2.4767,-6.4634
"2,2-DIMETHYLHEPTANE",576.70,23.50,0.3911,0.3959,0.8322,1.9017,-1.2320
"2,2-DIMETHYLHEXANE",549.80,25.30,0.3378,0.2599,0.8219,2.2087,-0.6646
"2,2-DIMETHYLOCTANE",602.00,21.60,0.4288,0.1874,0.8205,2.9726,4.7126
"2,2-DIMETHYLPENTANE",520.50,27.70,0.2871,0.2730,0.8279,1.9937,-1.9055
"2,3,3,3-TETRAFLUOROPROPENE",367.85,33.82,0.2820,0.1712,0.8374,2.5813,0.4910
"2,3,3,4-TETRAMETHYLPENTANE",607.50,27.20,0.3144,0.3474,0.8280,1.8075,-7.8346
"2,3,3-TRIMETHYL-1-BUTENE",531.00,31.40,0.2388,0.1049,0.8357,2.7955,-9.8785
"2,3,3-TRIMETHYLPENTANE",573.50,28.20,0.2903,0.1800,0.8446,2.6387,-4.5693
"2,3,4-TRIMETHYLPENTANE",566.40,27.30,0.3153,0.2824,0.8252,2.0435,-2.2329
"2,3-DICHLORO-1-PROPANOL",647.00,45.00,0.6992,1.3533,0.9129,1.7708,-8.9205
"2,3-DICHLOROPROPENE",578.00,43.80,0.1945,0.0406,0.8265,2.9742,6.1339
"2,3-DIHYDROFURAN",524.00,55.00,0.2255,0.1510,0.8492,2.5617,-0.8833
"2,3-DIMETHYL-1,3-BUTADIENE",526.00,35.20,0.2142,0.2264,0.7546,1.5603,5.3374
"2,3-DIMETHYL-1-BUTENE",501.00,33.20,0.2333,0.8147,0.9154,0.8496,-5.1328
"2,3-DIMETHYL-1-HEXENE",561.00,27.60,0.3249,0.1351,0.8215,2.8605,-3.6263
"2,3-DIMETHYL-2-BUTENE",528.00,33.20,0.2237,1.3278,1.0000,0.5079,6.9190
"2,3-DIMETHYLBUTANE",500.00,31.50,0.2493,0.1764,0.8468,2.4776,-4.2332
"2,3-DIMETHYLHEPTANE",588.80,23.90,0.3914,0.2746,0.8359,2.4506,2.0146
"2,3-DIMETHYLHEXANE",563.50,26.30,0.3455,0.1927,0.8380,2.7531,0.5986
"2,3-DIMETHYLOCTANE",613.10,21.73,0.4245,0.2004,0.8276,2.9514,9.3296
"2,3-DIMETHYLPENTANE",537.30,29.10,0.2964,0.1995,0.8391,2.4877,-0.7161
"2,3-PENTADIENE",497.00,38.00,0.2184,1.3416,0.9983,0.4967,7.4307
"2,3-XYLENOL",722.95,49.00,0.5157,0.4456,0.8685,2.2775,-30.7400
"2,4,4-TRIMETHYL-1-PENTENE",550.00,26.80,0.3011,0.1906,0.8452,2.6273,-1.8613
"2,4,4-TRIMETHYL-2-PENTENE",555.00,26.80,0.2971,1.4216,1.0000,0.5384,1.5994
"2,4,4-TRIMETHYLHEXANE",581.00,24.60,0.3522,0.2529,0.8509,2.5352,-4.6109
"2,4,6-TRIMETHYLPYRIDINE",653.00,33.30,0.3749,1.3005,1.0000,0.6742,12.3066
"2,4-DIAMINOTOLUENE",804.00,43.80,0.5794,1.3575,0.9999,0.8490,11.3868
"2,4-DICHLOROBENZOTRIFLUORIDE",646.00,28.10,0.4344,0.1935,0.8217,2.9750,N.A.
"2,4-DICHLOROTOLUENE",705.00,35.90,0.3590,0.4156,0.8030,1.6502,9.5090
"2,4-DIMETHYL-3-ETHYLPENTANE",591.00,25.30,0.3530,0.2061,0.8397,2.7220,-4.0010
"2,4-DIMETHYLHEXANE",553.50,25.60,0.3436,0.1866,0.8370,2.7720,-3.0817
"2,4-DIMETHYLOCTANE",600.00,21.70,0.4345,0.1773,0.8215,3.0781,-2.2276
"2,4-DIMETHYLPENTANE",519.80,27.40,0.3022,0.3032,0.8225,1.9015,-1.0012
"2,4-TOLUENE DIISOCYANATE",725.00,30.40,0.6582,0.6118,0.8829,2.0939,12.9350
"2,4-XYLENOL",707.65,44.00,0.5136,0.3686,0.8511,2.5320,-10.5206
"2,5-DIHYDROFURAN",542.00,55.00,0.2197,0.8033,0.7397,0.7532,3.4689
"2,5-DIMETHYL-2,4-HEXADIENE",597.00,27.40,0.3218,1.2918,0.9931,0.6776,20.2276
"2,5-DIMETHYLHEXANE",550.00,24.90,0.3576,0.2212,0.8332,2.5813,1.1718
"2,5-DIMETHYLOCTANE",603.00,21.70,0.4403,0.2385,0.8334,2.8375,3.4791
"2,5-XYLENOL",707.05,49.00,0.5638,0.5632,0.8877,2.0374,-27.3913
"2,6-DIMETHYL-4-HEPTANOL",603.00,25.50,0.8022,0.3438,0.8177,3.1618,-20.0985
"2,6-DIMETHYLHEPTANE",579.00,23.00,0.3927,0.9898,0.8617,0.9063,4.7933
"2,6-DIMETHYLNAPHTHALENE",777.00,31.70,0.4177,0.9554,0.9174,0.9948,N.A.
"2,6-DIMETHYLOCTANE",606.00,21.70,0.4386,0.1910,0.8195,2.9786,0.3095
"2,6-DIMETHYLPYRIDINE",623.75,37.50,0.3453,0.5156,0.8137,1.4164,6.1232
"2,6-TOLUENE DIISOCYANATE",749.00,29.00,0.4338,1.8841,0.7016,0.5503,38.0496
"2,6-XYLENOL",701.05,43.00,0.4554,0.3969,0.8673,2.2935,-27.4959
"2,7-DIMETHYLNAPHTHALENE",775.00,32.30,0.4477,0.7810,0.8727,1.2342,N.A.
"2,7-DIMETHYLOCTANE",604.00,21.30,0.4420,0.3686,0.8172,2.0934,6.8185
2-ACETOACETOXY ETHYL METHACRYLATE,724.20,22.57,0.8156,0.5646,0.8082,2.3303,N.A.
2-AMINOETHOXYETHANOL,735.00,59.00,0.5598,0.2635,0.7890,2.7388,-23.1755
2-BROMOBUTANE,567.00,46.30,0.2684,0.1457,0.8400,2.7177,-16.5668
2-BROMOPROPANE,532.00,55.10,0.2432,0.3535,0.9024,1.8759,-32.3125
2-BUTANOL,535.90,41.88,0.5808,0.3504,0.6226,1.7899,3.1977
2-BUTOXYETHANOL,633.90,32.70,0.5143,1.6130,0.9906,0.8714,-0.7669
"2-BUTYL-2-ETHYL-1,3-PROPANEDIOL",732.00,25.97,0.6907,0.2002,0.7672,3.3149,N.A.
"2-CHLORO-1,1,1,2-TETRAFLUOROETHANE",395.65,36.60,0.2877,0.2009,0.8502,2.5462,-3.0777
"2-CHLORO-1,1-DIFLUOROETHYLENE",400.55,44.58,0.2116,1.7609,0.9824,0.3610,1.2601
2-CHLOROETHANOL,585.00,59.20,0.6578,0.6213,0.8855,2.0633,5.9661
2-CHLOROPROPENE,478.00,47.10,0.1515,0.1147,0.8542,2.4495,-3.9256
2-ETHOXYETHANOL,569.00,42.40,0.7582,0.2659,0.8174,3.0265,3.4719
2-ETHOXYETHYL ACETATE,607.30,31.66,0.5522,0.3920,0.8505,2.5411,-4.9883
2-ETHYL BUTYRIC ACID,655.00,34.10,0.6326,0.2438,0.8112,3.3152,2.4275
2-ETHYL-1-BUTENE,511.00,33.00,0.2523,1.2248,1.0000,0.5841,-0.9749
2-ETHYL-1-HEXANOL,640.60,28.00,0.5559,0.1313,0.7981,3.6589,3.3533
2-ETHYL-1-HEXENE,569.00,26.70,0.3577,1.1931,1.0000,0.7229,3.5038
2-ETHYL-1-PENTENE,543.00,29.50,0.3073,0.3403,0.8811,2.1159,-0.3371
2-ETHYL-2-HEXENAL,636.00,26.40,0.4535,0.2223,0.8284,2.9360,40.7362
2-ETHYLBENZOTHIOPHENE,774.00,35.26,0.4283,0.9382,0.8515,0.9255,N.A.
2-ETHYLHEXYL ACETATE,642.40,21.70,0.5992,1.7659,0.9659,1.3206,-18.1232
2-ETHYLHEXYL ACRYLATE,655.00,20.70,0.6730,0.9049,0.9442,1.4927,N.A.
2-ETHYL-m-XYLENE,671.00,30.20,0.4066,0.2478,0.8409,2.7015,2.9835
2-ETHYL-p-XYLENE,663.00,28.80,0.4114,1.1080,0.9904,0.8568,8.5367
2-ETHYL-TETRAHYDROTHIOPHENE,657.80,38.10,0.2515,0.1241,0.7596,2.0564,2.4294
2-HEPTANOL,608.30,30.00,0.5677,0.0000,0.5629,2.2414,N.A.
2-HEPTANONE,611.40,29.40,0.4190,0.2258,0.8337,2.8326,8.0511
2-HEXANOL,585.30,33.11,0.5530,0.0611,0.0000,0.9631,2.8949
2-HEXANONE,587.61,32.87,0.3846,0.3499,0.8216,1.9995,7.7757
2-HEXOXYETHANOL,633.00,26.20,0.9004,1.3700,0.8945,1.9608,-20.2045
2-HEXYNE,549.00,35.30,0.2214,0.0832,0.8045,2.5031,5.8420
2-METHYL BENZOTHIOPHENE,768.70,35.00,0.3302,1.5953,1.0000,0.4700,N.A.
"2-METHYL-1,3-PENTANEDIOL",639.00,37.45,1.2455,1.4356,0.9165,1.7363,N.A.
2-METHYL-1-BUTANOL,575.40,39.40,0.5877,0.1768,0.7518,2.9710,-0.4518
2-METHYL-1-BUTENE,465.00,34.47,0.2341,1.1423,1.0000,0.6071,3.7330
2-METHYL-1-HEPTENE,567.00,26.00,0.3551,0.6212,0.8540,1.3002,5.8975
2-METHYL-1-HEXANOL,595.00,30.30,0.7733,0.4672,0.7993,2.5346,-4.9997
2-METHYL-1-HEXENE,538.00,28.70,0.3094,0.5646,0.8261,1.2579,3.3332
2-METHYL-1-NONENE,616.00,21.90,0.4527,0.5514,0.8545,2.4053,0.3452
2-METHYL-1-OCTENE,593.00,23.80,0.4051,0.4489,0.8422,1.9743,8.7584
2-METHYL-1-PENTANOL,604.40,34.50,0.5100,0.0477,0.7757,3.7350,3.5682
2-METHYL-1-PENTENE,505.00,31.90,0.2611,0.1377,0.8394,2.7284,1.3516
2-METHYL-1-PROPANOL,547.80,42.95,0.5857,1.7426,1.0000,0.6415,3.4640
2-METHYL-2-AMINOBUTANE,526.00,36.60,0.3202,0.1546,0.8333,2.8403,-12.4683
2-METHYL-2-BUTANOL,543.70,37.10,0.4820,0.0751,0.0001,0.9000,0.5728
2-METHYL-2-BUTENE,470.00,34.20,0.2870,0.2413,0.8608,2.3846,6.9435
2-METHYL-2-PENTENAL,605.00,32.60,0.3494,0.2110,0.8129,2.4292,24.4601
2-METHYL-2-PENTENE,514.00,31.60,0.2445,1.3061,0.7819,0.5446,5.8538
2-METHYL-2-PROPANOL,506.20,39.72,0.6152,1.5661,0.5684,0.8197,1.1729
2-METHYL-3-ETHYLPENTANE,567.10,27.00,0.3297,0.1889,0.8397,2.7219,1.3667
2-METHYLBENZOFURAN,697.00,36.40,0.3752,0.2934,0.8566,2.4468,N.A.
2-METHYLBUTYRALDEHYDE,543.20,38.29,0.3779,0.2084,0.8366,2.7787,-0.8946
2-METHYLHEPTANE,559.70,25.00,0.3795,0.4031,0.8179,1.7905,4.0457
2-METHYLHEXANE,530.40,27.40,0.3280,0.3796,0.8103,1.6830,0.7277
2-METHYLNAPHTHALENE,761.00,35.00,0.3781,0.3352,0.8447,2.1346,8.7655
2-METHYLNONANE,610.00,21.20,0.4723,0.3665,0.8133,2.1727,8.2476
2-METHYLOCTANE,582.87,23.10,0.4602,1.4070,1.0000,0.7070,2.1125
2-METHYLPENTANE,497.70,30.40,0.2791,0.3018,0.8223,1.8238,-3.1222
2-METHYLPROPANAL,507.00,41.00,0.3622,0.1886,0.8342,2.8229,4.1473
2-METHYLPYRIDINE,621.00,46.00,0.2990,0.3803,0.8201,1.6242,-1.2269
2-METHYLTETRAHYDROFURAN,537.00,37.58,0.2816,0.1768,0.8448,2.6327,11.9303
2-METHYLTHIACYCLOPENTANE,628.40,41.83,0.2489,0.1784,0.8488,2.5688,N.A.
2-METHYLTHIOPHENE,609.00,49.10,0.2389,0.1603,0.8491,2.5637,-7.4664
2-NITROPROPANE,594.00,44.50,0.3836,0.5038,0.9098,1.8010,7.3086
2-NONANOL,649.50,25.41,0.6092,0.3290,0.7191,2.2259,-3.5881
2-NONANONE,652.50,24.10,0.4979,1.6946,1.0000,0.5943,16.7988
2-NORBORNENE,583.00,39.30,0.1590,0.1335,0.8248,2.0777,N.A.
2-OCTANOL,629.80,27.49,0.5881,0.1346,0.7070,2.7752,N.A.
2-OCTANONE,632.70,26.40,0.4549,0.4563,0.8381,2.4019,5.4785
2-PENTANOL,561.00,37.00,0.5550,0.0000,0.6134,2.5052,N.A.
2-PENTANONE,561.08,36.94,0.3433,0.4292,0.8041,1.5736,7.4409
2-PENTOXYETHANOL,641.20,30.36,0.6228,0.2510,0.8109,3.2310,-5.1682
2-PENTYNE,519.00,40.30,0.1752,0.0610,0.8195,2.5716,5.6025
2-PHENYL-1-PROPANOL,685.00,34.90,0.7643,1.4500,0.9088,1.8111,-23.8710
2-PHENYL-2-PROPANOL,660.00,34.90,0.6924,0.6206,0.8795,2.1349,N.A.
3-(METHYLMERCAPTO)PROPANAL,650.00,40.20,0.4168,0.2488,0.8132,2.5036,16.8048
"3,3,3-TRIFLUOROPROPENE",378.59,36.09,0.2653,0.5205,0.9457,1.4805,N.A.
"3,3,5-TRIMETHYLHEPTANE",609.50,23.20,0.3847,0.5247,0.7901,1.4242,-2.6541
"3,3-DIETHYLPENTANE",610.05,26.75,0.3381,0.2258,0.8472,2.5941,-3.4007
"3,3-DIMETHYL-1-BUTENE",480.00,32.90,0.2285,0.1602,0.8519,2.5195,-12.2771
"3,3-DIMETHYL-2-BUTANONE",564.00,33.20,0.3273,0.1896,0.8395,2.7262,2.9216
"3,3-DIMETHYLHEXANE",562.00,26.50,0.3202,0.2862,0.8283,2.0655,3.3181
"3,3-DIMETHYLPENTANE",536.40,29.50,0.2679,0.2479,0.8391,2.0993,-8.3118
"3,4-DICHLOROANILINE",800.00,41.10,0.4678,0.2142,0.8246,3.0132,15.3439
"3,4-DIMETHYLHEXANE",568.80,26.90,0.3381,0.1914,0.8389,2.7366,-0.1552
"3,4-XYLENOL",729.95,50.00,0.5763,0.4656,0.8632,2.3504,-23.9855
"3,5-DIMETHYLBENZOTHIOPHENE",784.80,34.64,0.4247,0.3917,0.8711,2.2421,N.A.
"3,5-XYLENOL",715.65,36.00,0.4852,1.6771,1.0000,0.5984,22.8760
3-AMINO-1-PROPANOL,649.00,55.00,0.8273,0.3257,0.8069,3.4215,N.A.
3-CHLOROPROPENE,514.15,47.10,0.1478,0.0671,0.8428,2.6653,6.3544
3-CHLOROPROPYLTRIMETHOXYSILANE,647.30,21.34,0.5349,2.2728,0.9819,0.3987,34.8823
3-ETHYL-1-PENTENE,530.00,30.30,0.3019,0.1402,0.8329,2.8473,-8.7784
3-ETHYLHEPTANE,590.00,23.90,0.4080,0.2134,0.8328,2.8491,3.6208
3-ETHYLHEXANE,565.50,26.10,0.3605,0.1936,0.8358,2.7938,4.0307
3-ETHYL-o-XYLENE,680.00,28.80,0.3621,0.6299,0.7746,1.1975,16.6395
3-ETHYLPENTANE,540.60,28.90,0.3091,0.3821,0.8208,1.6567,-2.1239
3-HEPTANOL,605.40,30.73,0.5511,0.1520,0.8021,3.5494,-4.6012
3-HEXANONE,582.82,33.20,0.3801,0.3872,0.8162,1.8318,6.5671
3-HEXYNE,544.00,35.30,0.2183,0.0000,0.7877,2.8162,6.9284
3-METHOXYPROPIONITRILE,638.00,36.30,0.4597,0.4947,0.8435,1.8274,40.9226
"3-METHYL-1,2-BUTADIENE",490.00,38.30,0.1874,1.4593,1.0000,0.4272,3.5278
"3-METHYL-1,4-PENTADIENE",497.00,34.90,0.2468,0.1940,0.8538,2.4898,-6.1006
3-METHYL-1-BUTANOL,577.20,39.30,0.5900,1.2728,0.3529,0.9330,N.A.
3-METHYL-1-BUTENE,452.70,35.30,0.2097,0.4851,0.8823,1.2691,-5.2900
3-METHYL-1-BUTYNE,463.20,42.00,0.3081,0.4601,0.9165,1.7359,-16.6496
3-METHYL-1-HEXENE,528.00,29.50,0.3057,0.1553,0.8358,2.7932,-4.8613
3-METHYL-1-PENTANOL,588.00,34.00,0.7230,0.4041,0.8306,2.8912,-0.6524
3-METHYL-1-PENTENE,495.00,32.90,0.2640,0.2666,0.8721,2.2296,-7.8042
3-METHYL-2-BUTANOL,556.10,38.70,0.5016,0.4796,0.0000,0.9172,N.A.
3-METHYL-2-PENTANONE,573.00,33.20,0.3886,1.0397,1.0000,0.8958,3.4201
3-METHYL-3-ETHYLPENTANE,576.50,28.10,0.3050,0.2018,0.8472,2.5949,-4.5284
3-METHYL-cis-2-PENTENE,515.00,32.90,0.2585,1.1626,0.9762,0.6252,1.3804
3-METHYLCYCLOPENTENE,526.00,41.30,0.2296,1.1387,1.0000,0.7132,-10.4167
3-METHYLHEPTANE,563.60,25.50,0.3723,0.4051,0.8222,1.7799,4.8569
3-METHYLHEXANAL,595.00,28.50,0.4570,0.6578,0.8380,1.4179,12.6514
3-METHYLHEXANE,535.20,28.10,0.3204,0.3268,0.8204,1.8698,2.8075
3-METHYLNONANE,613.00,21.60,0.4649,0.4334,0.8169,1.9326,9.3249
3-METHYLOCTANE,590.15,23.40,0.4123,0.3844,0.8235,1.9767,4.7730
3-METHYLPENTANE,504.60,31.20,0.2702,0.2525,0.8322,2.0468,-1.7479
3-METHYLPYRIDINE,645.00,46.60,0.2978,0.2704,0.8352,2.0893,2.9220
3-METHYLTHIOPHENE,613.00,49.10,0.2397,0.2025,0.8299,2.1369,-5.2345
3-METHYL-trans-2-PENTENE,517.00,31.90,0.2627,1.6122,1.0000,0.4385,7.9998
3-NITROBENZOTRIFLUORIDE,667.00,28.00,0.5364,0.4566,0.8673,2.2933,34.0492
3-PENTANOL,559.60,37.14,0.5143,0.6597,0.0001,0.9313,4.8032
3-PENTANONE,560.95,37.40,0.3448,0.3538,0.8145,1.8259,5.6958
3-PHENYL-1-PROPANOL,694.00,34.30,0.8033,1.5738,0.9006,1.8947,-23.1391
4-CHLORO-3-NITROBENZOTRIFLUORIDE,686.00,27.40,0.6038,0.5440,0.8763,2.1748,N.A.
4-ETHYL-m-XYLENE,665.00,28.80,0.4140,0.3697,0.8294,2.0569,8.1969
4-ETHYL-o-XYLENE,667.00,28.80,0.4114,0.2712,0.8308,2.4991,9.3572
4-METHYL-1-HEXENE,534.00,30.40,0.3024,0.1510,0.8331,2.7745,-7.1982
4-METHYL-1-PENTENE,496.00,32.20,0.2389,0.1522,0.8467,2.5904,-4.5989
4-METHYL-2-PENTANOL,574.40,34.70,0.5730,1.7220,1.0000,0.6404,-8.8462
4-METHYL-cis-2-PENTENE,499.00,32.20,0.2442,0.1254,0.8394,2.7280,-3.0329
4-METHYLCYCLOPENTENE,527.00,41.30,0.2357,1.1462,1.0000,0.7058,-11.8131
4-METHYLHEPTANE,561.70,25.40,0.3707,0.3904,0.8199,1.8139,4.4025
4-METHYLNONANE,610.00,21.60,0.4651,0.6494,0.7982,1.4015,4.6482
4-METHYLOCTANE,587.65,23.40,0.4129,0.4175,0.8145,1.8294,4.8759
4-METHYLPYRIDINE,646.15,46.60,0.3010,0.2581,0.8359,2.1637,2.0474
4-METHYL-trans-2-PENTENE,501.00,32.20,0.2552,0.1337,0.8394,2.7272,-3.1766
5-ETHYLIDENE-2-NORBORNENE,629.00,34.00,0.3141,0.1705,0.8381,2.7516,-1.2036
5-ETHYL-m-XYLENE,655.00,27.50,0.4169,0.2510,0.8388,2.7031,13.4860
5-METHYL-1-HEXENE,528.00,28.70,0.3105,0.9919,0.9967,0.8311,-0.7048
5-METHYL-2-HEXANONE,601.00,29.70,0.4344,0.2720,0.8419,2.6848,4.4369
5-METHYLNONANE,610.00,21.60,0.4562,0.3157,0.8297,2.4444,6.5766
5-NONANONE,640.00,23.20,0.5137,0.2704,0.8298,2.9072,23.6278
6-AMINOHEXANAMIDE,807.80,34.56,0.6975,0.8763,0.8540,1.4862,9.1921
6-METHYL-1-HEPTENE,558.00,26.00,0.3555,0.3457,0.8432,2.0392,3.2766
7-METHYL-1-OCTENE,579.00,23.80,0.4045,0.4167,0.8264,1.7855,N.A.
8-HYDROXYQUINOLINE,788.00,43.60,0.5223,0.2186,0.8187,3.1386,-4.0851
8-METHYL-1-NONENE,619.00,21.90,0.4523,0.5808,0.8555,2.2277,N.A.
8-METHYLQUINOLINE,787.00,43.00,0.3582,0.2889,0.8583,2.4219,-11.9401
ACENAPHTHENE,803.15,31.00,0.3811,1.2964,1.0000,0.6880,44.9681
ACETAL,539.70,32.20,0.4869,0.5679,0.9042,1.8577,-24.0324
ACETALDOXIME,568.00,60.40,0.6384,0.3772,0.8360,2.7888,4.6783
ACETIC ACID,591.95,57.86,0.4665,0.3242,0.8498,2.5529,21.6801
ACETIC ANHYDRIDE,606.00,40.00,0.4553,0.5125,0.7925,1.6227,14.3846
ACETONE,508.20,47.01,0.3065,0.6041,0.8402,1.1984,12.6537
ACETONITRILE,545.50,48.50,0.3419,0.5199,0.9245,1.6623,38.9170
ACETOPHENONE,709.60,40.10,0.3830,0.2274,0.8398,2.7210,5.4746
3-PENTANOL,559.60,37.14,0.5143,0.6597,0.0001,0.9313,4.8032
3-PENTANONE,560.95,37.40,0.3448,0.3538,0.8145,1.8259,5.6958
3-PHENYL-1-PROPANOL,694.00,34.30,0.8033,1.5738,0.9006,1.8947,-23.1391
4-CHLORO-3-NITROBENZOTRIFLUORIDE,686.00,27.40,0.6038,0.5440,0.8763,2.1748,N.A.
4-ETHYL-m-XYLENE,665.00,28.80,0.4140,0.3697,0.8294,2.0569,8.1969
4-ETHYL-o-XYLENE,667.00,28.80,0.4114,0.2712,0.8308,2.4991,9.3572
4-METHYL-1-HEXENE,534.00,30.40,0.3024,0.1510,0.8331,2.7745,-7.1982
4-METHYL-1-PENTENE,496.00,32.20,0.2389,0.1522,0.8467,2.5904,-4.5989
4-METHYL-2-PENTANOL,574.40,34.70,0.5730,1.7220,1.0000,0.6404,-8.8462
4-METHYL-cis-2-PENTENE,499.00,32.20,0.2442,0.1254,0.8394,2.7280,-3.0329
4-METHYLCYCLOPENTENE,527.00,41.30,0.2357,1.1462,1.0000,0.7058,-11.8131
4-METHYLHEPTANE,561.70,25.40,0.3707,0.3904,0.8199,1.8139,4.4025
4-METHYLNONANE,610.00,21.60,0.4651,0.6494,0.7982,1.4015,4.6482
4-METHYLOCTANE,587.65,23.40,0.4129,0.4175,0.8145,1.8294,4.8759
4-METHYLPYRIDINE,646.15,46.60,0.3010,0.2581,0.8359,2.1637,2.0474
4-METHYL-trans-2-PENTENE,501.00,32.20,0.2552,0.1337,0.8394,2.7272,-3.1766
5-ETHYLIDENE-2-NORBORNENE,629.00,34.00,0.3141,0.1705,0.8381,2.7516,-1.2036
5-ETHYL-m-XYLENE,655.00,27.50,0.4169,0.2510,0.8388,2.7031,13.4860
5-METHYL-1-HEXENE,528.00,28.70,0.3105,0.9919,0.9967,0.8311,-0.7048
5-METHYL-2-HEXANONE,601.00,29.70,0.4344,0.2720,0.8419,2.6848,4.4369
5-METHYLNONANE,610.00,21.60,0.4562,0.3157,0.8297,2.4444,6.5766
5-NONANONE,640.00,23.20,0.5137,0.2704,0.8298,2.9072,23.6278
6-AMINOHEXANAMIDE,807.80,34.56,0.6975,0.8763,0.8540,1.4862,9.1921
6-METHYL-1-HEPTENE,558.00,26.00,0.3555,0.3457,0.8432,2.0392,3.2766
7-METHYL-1-OCTENE,579.00,23.80,0.4045,0.4167,0.8264,1.7855,N.A.
8-HYDROXYQUINOLINE,788.00,43.60,0.5223,0.2186,0.8187,3.1386,-4.0851
8-METHYL-1-NONENE,619.00,21.90,0.4523,0.5808,0.8555,2.2277,N.A.
8-METHYLQUINOLINE,787.00,43.00,0.3582,0.2889,0.8583,2.4219,-11.9401
ACENAPHTHENE,803.15,31.00,0.3811,1.2964,1.0000,0.6880,44.9681
ACETAL,539.70,32.20,0.4869,0.5679,0.9042,1.8577,-24.0324
ACETALDOXIME,568.00,60.40,0.6384,0.3772,0.8360,2.7888,4.6783
ACETIC ACID,591.95,57.86,0.4665,0.3242,0.8498,2.5529,21.6801
ACETIC ANHYDRIDE,606.00,40.00,0.4553,0.5125,0.7925,1.6227,14.3846
ACETONE,508.20,47.01,0.3065,0.6041,0.8402,1.1984,12.6537
ACETONITRILE,545.50,48.50,0.3419,0.5199,0.9245,1.6623,38.9170
ACETOPHENONE,709.60,40.10,0.3830,0.2274,0.8398,2.7210,5.4746
ACETYL CHLORIDE,508.00,57.40,0.3340,0.5147,0.9267,1.6424,-1.5265
ACETYLENE,308.30,61.38,0.1912,0.1910,0.8681,2.2832,-0.8745
ACRIDINE,905.00,36.40,0.4400,0.2687,0.8407,2.7047,8.3210
ACROLEIN,506.00,50.00,0.3198,0.5045,0.9269,1.6407,15.5398
ACRYLAMIDE,776.00,57.30,0.4863,1.2322,0.9041,1.1091,N.A.
ACRYLIC ACID,615.00,56.60,0.5383,0.6908,0.8388,1.5087,8.3360
AIR,132.45,37.74,0.0000,0.0971,0.8967,1.9369,-3.6651
ALLYL ACETATE,559.00,36.80,0.3879,0.7142,0.9498,1.3330,4.5370
ALLYL ALCOHOL,545.10,56.20,0.5697,0.2426,0.8177,3.1614,3.8854
ALLYLAMINE,505.00,51.70,0.3265,0.1671,0.8349,2.8092,3.5701
alpha-HYDROXYISOBUTYRIC ACID,664.00,49.20,0.9833,0.4034,0.8066,3.4287,N.A.
alpha-METHYLSTYRENE,654.00,33.60,0.3230,0.2195,0.8089,2.2509,7.7727
alpha-PINENE,644.00,27.60,0.2209,0.8600,0.3876,0.6519,18.7312
AMMONIA,405.65,112.80,0.2526,0.2274,0.8645,2.3320,4.0303
ANETHOLE,723.00,29.00,0.4846,0.2153,0.8226,3.0539,22.6872
ANILINE,699.00,53.10,0.3775,0.3532,0.8014,1.8754,1.5026
ANISOLE,645.60,42.50,0.3502,0.2155,0.8417,2.6636,-0.7322
ANTHRACENE,873.00,29.00,0.4857,0.3896,0.8611,2.3803,48.0745
ANTHRAQUINONE,900.00,31.50,0.6807,0.6492,0.8902,2.0088,27.8446
ANTIMONY TRICHLORIDE,794.00,48.20,0.1706,1.1697,0.9943,0.5123,44.9022
ARGON,150.86,48.98,0.0000,0.1228,0.9045,1.8539,-3.2939
ARSINE,373.00,65.50,0.0105,0.2754,0.8629,1.0266,-1.2306
BENZALDEHYDE,695.00,46.50,0.3127,0.4846,0.8284,1.4260,4.2128
BENZANTHRACENE,979.00,23.90,0.5692,1.7158,1.0000,0.4691,N.A.
BENZENE,562.05,48.95,0.2103,0.1261,0.8460,2.6137,-1.3914
BENZOIC ACID,751.00,44.70,0.6028,2.2065,0.3775,0.7131,9.6221
BENZOPHENONE,830.00,33.52,0.5019,0.3585,0.8508,2.5369,-5.3214
BENZOTHIOPHENE,764.00,47.60,0.3071,0.2751,0.8649,2.3262,-13.5055
BENZOTRICHLORIDE,737.00,33.40,0.2599,0.1479,0.8419,2.6847,15.3950
BENZOTRIFLUORIDE,559.90,32.10,0.2998,0.6536,0.8170,1.0940,11.2695
BENZOYL CHLORIDE,697.00,40.60,0.4159,0.9630,0.9993,1.0217,1.0136
BENZYL ALCOHOL,720.15,43.74,0.3631,0.0000,0.7303,2.8558,16.7213
BENZYL CHLORIDE,686.00,39.10,0.3136,1.8325,1.0000,0.4178,11.2044
BENZYL DICHLORIDE,731.00,36.50,0.3264,0.3690,0.8674,1.9493,8.7653
BENZYL ETHYL ETHER,662.00,31.10,0.4332,0.9635,0.9753,1.0392,10.3029
BENZYL MERCAPTAN,718.00,40.60,0.3126,0.1754,0.8391,2.7340,3.2853
BENZYLAMINE,684.00,43.20,0.4011,0.2179,0.8349,2.8102,0.4025
beta-PHELLANDRENE,648.00,28.20,0.3766,1.4441,1.0000,0.5986,-2.5289
beta-PINENE,643.00,27.60,0.3249,0.2516,0.8551,2.4695,11.6706
beta-PROPIOLACTONE,686.00,69.10,0.3577,0.3867,0.8417,1.6167,N.A.
BICYCLO[2.2.1]HEPTANE,594.00,36.96,0.1636,0.0925,0.8467,2.6027,N.A.
BICYCLO[2.2.2]OCTANE,625.00,34.20,0.2054,0.0000,0.7450,1.5711,29.1516
BICYCLOHEXYL,727.00,25.60,0.4276,0.3978,0.8727,2.2209,8.1414
BIPHENYL,773.00,33.80,0.4029,0.2267,0.8354,2.7800,7.3129
BIS(CHLOROMETHYL)ETHER,579.00,45.80,0.3239,0.1624,0.8343,2.8210,7.1950
BORON TRICHLORIDE,451.95,38.71,0.1505,0.0619,0.8409,2.7017,14.2284
BORON TRIFLUORIDE,260.90,49.90,0.4337,0.2350,0.8345,2.8171,0.1971
BROMINE,584.15,103.00,0.1290,0.1361,0.8690,2.2710,-9.9128
BROMOBENZENE,670.15,45.19,0.2506,0.1904,0.8542,2.4828,2.4054
BROMOCHLORODIFLUOROMETHANE,426.15,42.54,0.1871,0.1160,0.8489,2.5677,-3.5314
BROMOCHLOROMETHANE,557.00,64.70,0.2064,0.1558,0.8416,2.3441,-1.8586
BROMODIFLUOROMETHANE,411.98,51.32,0.2050,0.1963,0.8003,1.8256,-0.1888
BROMOETHANE,503.80,55.65,0.2053,0.2408,0.8780,2.1540,-3.7020
BROMOMETHANE,464.00,69.29,0.1534,0.3704,0.8367,1.2420,-0.6721
BROMOTRICHLOROMETHANE,606.00,49.70,0.1920,0.1442,0.8546,2.4766,N.A.
BROMOTRIFLUOROETHYLENE,432.00,44.80,0.1754,0.1249,0.8487,2.4523,N.A.
BROMOTRIFLUOROMETHANE,340.15,39.70,0.1704,0.1416,0.8587,2.4157,-3.6304
BUTANAL,537.20,44.10,0.2826,0.1976,0.8500,2.5493,4.0436
BUTYL VINYL ETHER,536.00,31.20,0.3802,0.1939,0.8326,2.8526,0.2566
BUTYRONITRILE,585.40,38.80,0.3601,0.3738,0.8795,2.1357,26.8101
CALCIUM,3267.00,153.00,0.1167,0.4062,0.9669,1.3129,N.A.
CAMPHOR,709.00,29.90,0.3190,0.1943,0.8426,2.6719,10.8830
CARBON DIOXIDE,304.21,73.83,0.2236,0.1783,0.8590,2.4107,-1.1368
CARBON DISULFIDE,552.00,79.00,0.1107,0.2513,0.8772,1.5980,-7.0840
CARBON MONOXIDE,132.92,34.99,0.0482,0.0983,0.8777,2.1568,-3.6761
CARBON TETRACHLORIDE,556.35,45.60,0.1926,0.1866,0.8321,2.0128,-2.8003
CARBON TETRAFLUORIDE,227.51,37.45,0.1790,0.1653,0.8584,2.2953,-4.5258
CARBONYL FLUORIDE,297.00,57.60,0.2829,0.8691,0.6627,0.7896,N.A.
CARBONYL SULFIDE,378.80,63.49,0.0970,0.1496,0.8679,2.0084,-1.4089
CHLORINE,417.15,77.10,0.0688,0.7082,0.8812,0.6306,-1.4823
CHLORINE TRIFLUORIDE,433.70,45.78,0.3371,0.8003,0.8316,0.8752,31.9105
CHLOROACETALDEHYDE,555.00,53.70,0.3297,0.1523,0.8310,2.8846,N.A.
CHLOROACETIC ACID,686.00,57.80,0.5461,0.2276,0.8175,3.1670,17.5963
CHLOROACETYL CHLORIDE,581.00,51.10,0.3540,0.1952,0.8086,2.4941,4.2539
CHLORODIFLUOROMETHANE,369.30,49.71,0.2192,0.4513,0.8267,1.2443,-0.1188
CHLOROFLUOROMETHANE,427.00,56.20,0.2108,0.2988,0.8945,1.9604,8.4935
CHLOROFORM,536.40,54.72,0.2219,0.8613,0.8749,0.7514,-4.6793
CHLOROPENTAFLUOROETHANE,353.15,31.57,0.2514,0.7212,0.8703,0.9540,-6.2194
CHLOROPRENE,525.00,42.60,0.1974,0.1799,0.8538,2.2482,5.2742
CHLOROTRIFLUOROETHYLENE,379.15,40.53,0.2442,0.1855,0.8544,2.4796,-3.0777
CHLOROTRIFLUOROMETHANE,302.00,38.70,0.1717,0.1400,0.8581,2.4249,-3.8859
CHRYSENE,979.00,23.90,0.6030,0.2447,0.8144,3.2380,N.A.
"cis-1,2-DICHLOROETHYLENE",544.00,51.90,0.1349,0.5513,0.4822,0.6603,7.2727
"cis-1,2-DIMETHYLCYCLOHEXANE",606.15,29.38,0.2324,1.3197,1.0000,0.5197,15.0888
"cis-1,2-DIMETHYLCYCLOPENTANE",565.15,34.45,0.2662,0.2627,0.8354,1.9977,-3.9616
"cis-1,3-DIMETHYLCYCLOHEXANE",591.15,29.38,0.2366,1.2776,1.0000,0.5421,3.9978
"cis-1,3-DIMETHYLCYCLOPENTANE",551.00,34.45,0.2743,0.7330,0.9034,1.0082,-13.9457
"cis-1,3-PENTADIENE",499.00,37.40,0.1470,1.5144,1.0000,0.3805,10.6484
"cis-1,4-DIMETHYLCYCLOHEXANE",598.15,29.38,0.2311,1.3639,1.0000,0.5002,9.2424
cis-1-PROPENYLBENZENE,671.00,33.60,0.3411,0.1813,0.8363,2.7823,8.8043
cis-2-BUTENE,435.50,42.10,0.2019,0.9657,0.9336,0.6663,-1.3701
cis-2-DECENE,621.00,21.80,0.4752,0.7558,0.8497,2.2249,-3.2547
cis-2-HEPTENE,543.70,28.40,0.3363,0.2410,0.8508,2.5366,6.5415
cis-2-HEXENE,511.40,31.60,0.2874,0.1773,0.8439,2.6493,4.1783
cis-2-METHYLCYCLOHEXANOL,614.00,37.90,0.6805,0.6170,0.8802,2.1262,-11.6242
cis-2-OCTENE,572.00,25.90,0.3889,0.2139,0.8362,2.7862,8.5031
cis-2-PENTENE,475.00,36.40,0.2454,0.4501,0.8147,1.2942,-2.7246
cis-3-HEPTENE,545.00,28.40,0.2949,0.1575,0.8345,2.7108,6.7793
cis-3-HEXENE,509.00,31.70,0.2787,0.1590,0.8411,2.6893,1.8181
cis-3-OCTENE,569.00,25.90,0.3800,0.2074,0.8360,2.7888,8.0494
cis-4-OCTENE,568.00,25.90,0.3854,0.2098,0.8358,2.7939,7.7925
cis-CROTONITRILE,568.00,38.80,0.3787,0.4426,0.8947,1.9577,31.2030
cis-DECAHYDRONAPHTHALENE,703.60,32.00,0.2791,1.4759,1.0000,0.4914,2.4904
CROTYL GLYCOL ETHER,643.90,33.87,0.5532,0.1808,0.8010,3.3078,N.A.
CUMENE,631.00,32.09,0.3274,1.2308,1.0000,0.6626,2.2201
CUMENE HYDROPEROXIDE,605.00,33.40,0.9950,0.8979,0.8550,2.4709,N.A.
CYANOGEN,400.15,59.24,0.2756,1.0658,1.0000,0.7104,1.0438
CYANOGEN CHLORIDE,449.00,59.90,0.3221,0.8591,1.0000,1.0000,11.0314
CYCLOBUTANE,459.93,49.80,0.1847,0.1791,0.8665,2.3049,-2.3931
CYCLOHEPTANE,604.20,38.20,0.2408,0.2235,0.8524,2.2150,-5.3766
CYCLOHEPTENE,598.00,40.10,0.2517,1.3499,1.0000,0.5190,-9.2542
CYCLOHEXANE,553.80,40.80,0.2081,0.3691,0.8120,1.3617,-4.2327
CYCLOHEXANECARBOXALDEHYDE,639.40,35.79,0.3827,1.7393,0.6009,0.3817,N.A.
CYCLOHEXANOL,650.10,42.60,0.3690,0.6028,0.3588,0.9287,4.6610
CYCLOHEXANONE,653.00,40.00,0.2990,0.1909,0.8455,2.6226,16.9431
CYCLOHEXENE,560.40,43.50,0.2123,0.7258,0.8552,0.8576,-3.1995
CYCLOHEXYL MERCAPTAN,664.00,39.70,0.2641,0.1696,0.8471,2.5962,-3.4213
CYCLOHEXYLAMINE,615.00,42.00,0.3604,0.3475,0.8742,2.2013,-11.3648
CYCLOHEXYLBENZENE,744.00,28.80,0.3783,0.1288,0.7571,2.4983,0.7752
CYCLOOCTANE,647.20,35.60,0.2524,0.1303,0.8378,2.7167,-4.1176
CYCLOOCTENE,632.00,36.80,0.2804,0.9701,0.8984,0.7757,N.A.
CYCLOPENTADIENE,507.00,51.50,0.2020,0.4659,0.9490,1.4537,-4.1706
CYCLOPENTANE,511.70,45.10,0.1949,0.3949,0.8261,1.2945,-1.9871
CYCLOPENTANONE,624.50,46.00,0.2876,0.1758,0.8436,2.6543,13.0072
CYCLOPENTENE,507.00,48.00,0.1961,0.5759,0.8574,1.0149,-4.8050
CYCLOPENTYLAMINE,584.00,46.40,0.3294,0.8789,0.8632,0.9123,-5.1215
CYCLOPROPANE,398.00,55.40,0.1278,0.2163,0.8563,1.7375,-3.0574
CYCLOPROPANE CARBOXYLIC ACID,671.00,59.95,0.6048,1.1518,0.9963,1.0638,N.A.
DECAFLUOROBUTANE,386.35,23.23,0.3664,0.2202,0.8150,2.4682,-8.0712
DECAMETHYLCYCLOPENTASILOXANE,617.40,10.35,0.6223,0.8524,0.6698,1.2607,29.1787
DECANAL,674.00,26.00,0.5201,0.9820,0.8073,1.0697,-16.5858
DEUTERIUM,38.35,16.62,-0.1449,0.1486,0.9968,1.0587,-4.5555
DEUTERIUM OXIDE,643.89,216.71,0.3658,0.3816,0.8551,1.9750,N.A.
DI(2-CHLOROETHYL)ETHER,666.00,35.90,0.3940,0.2140,0.8147,2.6063,15.4122
DI(2-ETHYLHEXYL)ADIPATE,845.00,11.20,0.8993,1.1724,0.3943,0.6375,101.4622
DIBENZOFURAN,824.00,36.40,0.3988,0.2601,0.8455,2.6231,0.8638
DIBENZOPYRROLE,899.00,32.60,0.4938,0.4156,0.8646,2.3312,N.A.
DIBENZOTHIOPHENE,897.00,38.60,0.3983,0.2659,0.8463,2.6034,N.A.
DIBORANE,289.80,40.53,0.1311,0.8894,0.9303,0.6074,-5.5341
DIBROMOMETHANE,611.00,71.70,0.2095,0.1898,0.8632,2.3499,-8.8642
DIBUTYL SEBACATE,768.00,13.20,1.1245,0.6524,0.8076,2.6648,27.6074
DICHLOROACETYL CHLORIDE,585.00,46.10,0.3089,0.1864,0.8229,2.4750,-3.1076
DICHLORODIETHYLSILANE,595.75,30.60,0.3189,0.0754,0.8102,3.1271,N.A.
DICHLORODIFLUOROMETHANE,384.95,41.25,0.1797,0.1552,0.8601,2.3904,-4.2330
DICHLOROFLUOROMETHANE,451.58,51.84,0.2048,0.1441,0.8515,2.5250,-1.7850
DICHLOROMETHANE,510.00,60.80,0.1986,1.3392,1.0000,0.4661,2.8193
DICHLOROSILANE,451.50,45.99,0.1630,0.1549,0.8086,1.8724,-4.2590
DICYCLOHEXYL SULFIDE,802.00,26.50,0.3955,0.3608,0.8661,2.3105,N.A.
DICYCLOPENTADIENE,660.00,30.60,0.2880,1.2989,1.0000,0.5834,8.8431
DIETHANOLAMINE,736.60,42.70,0.9529,0.6157,0.8458,2.6175,24.7913
DIETHYL DISULFIDE,642.00,38.70,0.3469,0.2821,0.8598,2.3997,-6.3530
DIETHYL ETHER,466.70,36.40,0.2811,0.1481,0.8385,2.7442,0.5956
DIETHYL MALEATE,680.00,26.10,0.6658,0.7566,0.9137,1.7627,-9.5004
DIETHYL PHTHALATE,776.00,22.60,0.6249,0.3018,0.8226,3.0553,29.2498
DIETHYL SULFIDE,557.15,39.60,0.2900,0.7310,0.8396,0.9819,-1.1624
DIETHYLAMINE,496.60,37.10,0.3039,0.7490,0.8319,0.9910,2.6271
DIETHYLENE GLYCOL DIETHYL ETHER,624.00,23.70,0.6807,0.2876,0.8166,3.1860,0.7938
DIETHYLENE GLYCOL ETHYL ETHER ACETATE,660.00,24.20,0.7145,0.6237,0.8766,2.1711,N.A.
DIETHYLENE GLYCOL MONOPROPYL ETHER,679.80,30.02,0.6114,0.2422,0.8136,3.2570,-3.9412
DIETHYLSULFITE,624.00,37.70,0.5065,0.7781,0.9490,1.4502,-15.8962
DIFLUOROMETHANE,351.26,57.84,0.2771,0.2483,0.8644,2.3332,7.1953
DIFLUOROMETHYL TRIFLUOROMETHYL ETHER,354.49,33.76,0.3253,0.1635,0.8344,2.8184,-2.0490
DIHEXYL ADIPATE,767.00,13.20,1.0935,0.5295,0.8183,3.1487,18.0070
DIIODOMETHANE,747.00,54.70,0.1405,0.0374,0.8366,2.7779,24.4518
DIISOBUTYL KETONE,615.00,24.80,0.5116,0.4671,0.8736,2.2095,-1.6725
DIISOBUTYLAMINE,580.00,25.70,0.4854,1.1604,1.0000,0.9027,-12.3488
DIISOPENTYLSULFIDE,664.40,21.81,0.5971,0.3068,0.8226,2.9191,-3.0479
DIISOPROPYL ETHER,500.05,28.80,0.3387,0.8175,0.8468,0.9784,-6.1595
DIKETENE,616.00,59.60,0.3821,0.9668,0.8967,0.9169,N.A.
DIMETHYL CARBONATE,548.00,45.00,0.3846,0.3041,0.8577,2.4300,8.1349
DIMETHYL DISULFIDE,615.00,53.60,0.2059,0.9438,0.8665,0.6723,-4.7114
DIMETHYL ETHER,400.10,53.70,0.2002,0.1755,0.8612,2.3794,-2.3881
DIMETHYL SUCCINATE,657.00,32.80,0.6223,0.5823,0.8815,2.1101,5.7943
DIMETHYL SULFIDE,503.04,55.30,0.1943,0.3882,0.8220,1.2847,0.5409
DIMETHYL SULFOXIDE,729.00,56.50,0.2806,0.6719,0.8742,2.2014,12.4519
DIMETHYL TEREPHTHALATE,777.40,27.60,0.5807,0.4058,0.8498,2.5525,30.7209
"DIMETHYL-2,6-NAPHTHALENEDICARBOXYLATE",883.00,24.85,0.6853,0.3177,0.8193,3.1267,N.A.
DIMETHYLACETYLENE,473.20,48.70,0.2385,0.5219,0.8304,1.1704,1.0669
DIMETHYLALUMINUM CHLORIDE,619.00,36.20,0.1834,0.0000,0.7764,2.5434,N.A.
DIMETHYLAMINE,437.20,53.40,0.2999,0.2829,0.7612,1.6954,0.8028
DIMETHYLCHLOROSILANE,472.00,36.20,0.2526,0.5197,0.9469,1.4709,-2.6784
DIMETHYLDICHLOROSILANE,520.35,34.90,0.2675,0.9418,0.8691,0.7676,-6.9515
DIMETHYLDIMETHOXYSILANE,524.00,26.60,0.2629,0.0000,0.7080,2.2484,18.4414
DI-n-BUTYL ETHER,584.10,24.60,0.4476,0.4304,0.8118,1.8781,1.9079
DI-n-BUTYL PHTHALATE,781.00,17.50,0.9569,0.6484,0.8505,2.5411,7.6534
DI-n-BUTYL SULFONE,767.00,25.40,0.6877,0.2756,0.8112,3.3132,21.7389
DI-n-BUTYLAMINE,602.30,25.70,0.5296,0.4179,0.8603,2.3929,-5.6379
DI-n-HEXYL ETHER,658.00,18.16,0.7105,0.2614,0.8066,3.4299,9.7138
DI-n-OCTYL ETHER,707.00,14.40,0.9336,0.3857,0.8076,3.4038,17.1407
DI-n-OCTYLAMINE,734.00,12.60,0.8187,0.5812,0.8225,2.3455,85.8316
DI-n-PENTYL ETHER,622.00,20.90,0.6012,0.6744,0.9067,1.8322,3.6125
DI-n-PROPYL DISULFIDE,675.00,30.30,0.4370,0.7214,0.8164,1.2029,-3.6175
DI-n-PROPYL ETHER,530.60,30.28,0.3688,0.2476,0.8470,2.5980,-3.9808
DI-n-PROPYL SULFIDE,608.00,30.80,0.3740,0.2582,0.8409,2.5098,1.7868
DI-n-PROPYL SULFONE,763.00,31.10,0.5821,1.3301,0.9991,0.8721,21.5303
DIOCTYL ADIPATE,830.00,11.30,1.0485,1.4570,0.8625,2.3602,20.8751
DIPHENYL ETHER,766.80,30.80,0.4389,0.4707,0.8886,2.0269,7.0590
DIPHENYLAMINE,817.00,31.80,0.5297,0.3703,0.8494,2.5564,13.3043
DIPHENYLDICHLOROSILANE,814.00,23.30,0.4283,0.9808,0.8441,1.4366,18.9347
DIPHENYLMETHANE,760.00,27.10,0.4816,0.2735,0.8354,2.8001,26.0319
DIPROPYLENE GLYCOL MONOETHYL ETHER,617.00,26.30,0.9310,1.4872,0.8873,2.0418,-39.5612
DIPROPYLENE GLYCOL n-PROPYL ETHER,629.00,24.00,0.9631,1.5215,0.8847,2.0723,N.A.
DI-sec-BUTYL ETHER,559.00,25.30,0.4319,0.2890,0.8460,2.6144,N.A.
DISILANE,432.00,51.30,0.0939,0.7157,1.0000,0.7203,N.A.
DI-tert-BUTYL ETHER,550.00,25.30,0.3459,0.2211,0.8444,2.6420,-8.9701
DIVINYL ETHER,463.00,42.50,0.2911,0.2000,0.8490,2.5650,N.A.
DODECANAL,705.10,23.20,0.6808,0.2951,0.8141,3.2449,N.A.
epsilon-CAPROLACTAM,818.20,46.21,0.3850,1.6985,1.0000,0.5282,N.A.
ETHANE,305.32,48.72,0.0995,0.1459,0.8780,2.1536,-3.7074
ETHANOL,514.00,61.37,0.6436,0.9861,0.9642,1.3338,5.9510
ETHYL ACETATE,523.30,38.80,0.3664,1.3115,1.0000,0.6586,5.8539
ETHYL ACRYLATE,553.00,36.80,0.3718,1.2992,0.9998,0.6727,5.6772
ETHYL ALUMINUM DICHLORIDE,646.05,18.60,0.5338,0.2122,0.8161,3.1993,183.0546
ETHYL BENZOATE,698.00,31.80,0.4771,1.0243,0.9984,1.0375,4.6864
ETHYL CHLORIDE,460.35,52.70,0.1886,0.9584,0.9876,0.6703,0.9986
ETHYL CHLOROFORMATE,508.15,45.00,0.8350,0.3283,0.8067,3.4265,-17.6699
DIMETHYLCHLOROSILANE,472.00,36.20,0.2526,0.5197,0.9469,1.4709,-2.6784
DIMETHYLDICHLOROSILANE,520.35,34.90,0.2675,0.9418,0.8691,0.7676,-6.9515
DIMETHYLDIMETHOXYSILANE,524.00,26.60,0.2629,0.0000,0.7080,2.2484,18.4414
DI-n-BUTYL ETHER,584.10,24.60,0.4476,0.4304,0.8118,1.8781,1.9079
DI-n-BUTYL PHTHALATE,781.00,17.50,0.9569,0.6484,0.8505,2.5411,7.6534
DI-n-BUTYL SULFONE,767.00,25.40,0.6877,0.2756,0.8112,3.3132,21.7389
DI-n-BUTYLAMINE,602.30,25.70,0.5296,0.4179,0.8603,2.3929,-5.6379
DI-n-HEXYL ETHER,658.00,18.16,0.7105,0.2614,0.8066,3.4299,9.7138
DI-n-OCTYL ETHER,707.00,14.40,0.9336,0.3857,0.8076,3.4038,17.1407
DI-n-OCTYLAMINE,734.00,12.60,0.8187,0.5812,0.8225,2.3455,85.8316
DI-n-PENTYL ETHER,622.00,20.90,0.6012,0.6744,0.9067,1.8322,3.6125
DI-n-PROPYL DISULFIDE,675.00,30.30,0.4370,0.7214,0.8164,1.2029,-3.6175
DI-n-PROPYL ETHER,530.60,30.28,0.3688,0.2476,0.8470,2.5980,-3.9808
DI-n-PROPYL SULFIDE,608.00,30.80,0.3740,0.2582,0.8409,2.5098,1.7868
DI-n-PROPYL SULFONE,763.00,31.10,0.5821,1.3301,0.9991,0.8721,21.5303
DIOCTYL ADIPATE,830.00,11.30,1.0485,1.4570,0.8625,2.3602,20.8751
DIPHENYL ETHER,766.80,30.80,0.4389,0.4707,0.8886,2.0269,7.0590
DIPHENYLAMINE,817.00,31.80,0.5297,0.3703,0.8494,2.5564,13.3043
DIPHENYLDICHLOROSILANE,814.00,23.30,0.4283,0.9808,0.8441,1.4366,18.9347
DIPHENYLMETHANE,760.00,27.10,0.4816,0.2735,0.8354,2.8001,26.0319
DIPROPYLENE GLYCOL MONOETHYL ETHER,617.00,26.30,0.9310,1.4872,0.8873,2.0418,-39.5612
DIPROPYLENE GLYCOL n-PROPYL ETHER,629.00,24.00,0.9631,1.5215,0.8847,2.0723,N.A.
DI-sec-BUTYL ETHER,559.00,25.30,0.4319,0.2890,0.8460,2.6144,N.A.
DISILANE,432.00,51.30,0.0939,0.7157,1.0000,0.7203,N.A.
DI-tert-BUTYL ETHER,550.00,25.30,0.3459,0.2211,0.8444,2.6420,-8.9701
DIVINYL ETHER,463.00,42.50,0.2911,0.2000,0.8490,2.5650,N.A.
DODECANAL,705.10,23.20,0.6808,0.2951,0.8141,3.2449,N.A.
epsilon-CAPROLACTAM,818.20,46.21,0.3850,1.6985,1.0000,0.5282,N.A.
ETHANE,305.32,48.72,0.0995,0.1459,0.8780,2.1536,-3.7074
ETHANOL,514.00,61.37,0.6436,0.9861,0.9642,1.3338,5.9510
ETHYL ACETATE,523.30,38.80,0.3664,1.3115,1.0000,0.6586,5.8539
ETHYL ACRYLATE,553.00,36.80,0.3718,1.2992,0.9998,0.6727,5.6772
ETHYL ALUMINUM DICHLORIDE,646.05,18.60,0.5338,0.2122,0.8161,3.1993,183.0546
ETHYL BENZOATE,698.00,31.80,0.4771,1.0243,0.9984,1.0375,4.6864
ETHYL CHLORIDE,460.35,52.70,0.1886,0.9584,0.9876,0.6703,0.9986
ETHYL CHLOROFORMATE,508.15,45.00,0.8350,0.3283,0.8067,3.4265,-17.6699
ETHYL FLUORIDE,375.31,50.28,0.2179,0.8499,0.9991,0.8227,2.6188
ETHYL FORMATE,508.40,47.40,0.2847,0.3077,0.8089,1.7604,4.2864
ETHYL IODIDE,554.00,47.11,0.1674,0.8496,0.6857,0.6341,13.0911
ETHYL ISOBUTYRATE,553.15,30.40,0.4264,0.7795,0.9132,1.2444,-1.4137
ETHYL ISOVALERATE,587.95,28.40,0.4000,1.7060,0.9772,0.5219,-1.1553
ETHYL MERCAPTAN,499.15,54.90,0.1878,0.1981,0.8323,1.9391,-0.9042
ETHYL METHACRYLATE,577.00,32.50,0.3432,0.1949,0.8242,2.5833,10.8276
ETHYL n-BUTYRATE,571.00,29.50,0.4011,0.2481,0.8418,2.6858,11.7301
ETHYL PROPIONATE,546.00,33.62,0.3944,0.2515,0.8141,2.4072,7.1966
ETHYL PROPYL SULFIDE,583.90,34.46,0.3331,0.2380,0.8506,2.5393,N.A.
ETHYL t-BUTYL SULFIDE,588.00,31.30,0.2861,0.1797,0.8246,2.4258,-4.7587
ETHYL TERT-BUTYL DISULFIDE,659.90,30.76,0.3471,0.2099,0.8418,2.6855,N.A.
ETHYL tert-PENTYL ETHER,546.00,27.40,0.3382,0.3108,0.7771,1.7846,-1.7035
ETHYL VINYL ETHER,475.15,40.70,0.2665,0.1633,0.8446,2.6372,-1.9888
ETHYLACETYLENE,440.00,46.00,0.2470,0.1108,0.8357,2.7951,-2.1799
ETHYLAL,524.00,32.80,0.4297,0.4924,0.8962,1.9424,-6.0030
ETHYLAMINE,456.15,56.20,0.2848,0.9938,0.8113,0.7432,0.3012
ETHYLBENZENE,617.15,36.09,0.3035,0.4991,0.8229,1.3553,2.7030
ETHYLCHLOROACETATE,618.00,37.90,0.3932,0.6688,0.7966,1.2271,12.6453
ETHYLCYCLOHEXANE,609.15,30.40,0.2455,1.2689,1.0000,0.5572,8.1744
ETHYLCYCLOPENTANE,569.50,34.00,0.2701,0.2247,0.8408,2.2443,-1.7877
ETHYLENE,282.34,50.41,0.0862,0.2298,0.8567,1.4794,-3.3002
ETHYLENE GLYCOL,720.00,82.00,0.5068,1.5753,1.0000,0.6614,8.3870
ETHYLENE GLYCOL MONOBUTYL ETHER ACETATE,641.20,24.80,0.5598,0.2527,0.8247,3.0106,8.8891
ETHYLENE OXIDE,469.15,71.90,0.1974,0.5843,0.8549,1.0068,4.1248
ETHYLENEDIAMINE,593.00,62.90,0.4724,0.2685,0.8362,2.7861,2.2484
ETHYLENEIMINE,537.00,68.50,0.2007,0.6038,0.0002,0.5878,12.7416
ETHYLTRICHLOROSILANE,559.95,33.30,0.2698,0.1294,0.8187,2.6009,-11.0050
ETHYNYLBENZENE,650.00,42.80,0.2264,0.9486,0.8888,2.0248,-19.7769
FERROUS CHLORIDE,2010.00,87.20,0.5271,0.7896,0.7355,0.4903,N.A.
FLUORANTHENE,905.00,26.10,0.5875,0.6070,0.8968,1.9358,N.A.
FLUORENE,826.00,30.00,0.4042,0.6168,0.8155,1.3550,N.A.
FLUORINE,144.12,51.72,0.0530,0.3755,0.8831,1.0063,-2.3328
FLUOROBENZENE,560.09,45.51,0.2472,0.1605,0.8474,2.5910,0.2210
FORMALDEHYDE,420.00,65.90,0.1679,0.0925,0.8452,2.6272,19.8818
FORMANILIDE,787.00,41.10,0.5449,0.2315,0.8184,3.1452,N.A.
FORMIC ACID,588.00,58.10,0.3125,0.2224,0.8520,2.5170,47.9619
FURAN,490.15,55.00,0.2015,1.3183,0.9998,0.4842,-0.6497
FURFURAL,670.15,56.60,0.3678,0.6091,0.8412,1.3255,-0.1728
FURFURYL ALCOHOL,632.00,53.50,0.7341,1.1127,0.8829,2.0892,-11.8536
gamma-BUTYROLACTONE,731.00,51.30,0.3603,0.4104,0.8527,1.8836,N.A.
gamma-VALEROLACTONE,727.00,48.40,0.4030,0.5326,0.9127,1.7723,6.0965
GERMANIUM,9803.00,6511.00,-0.0715,0.5558,0.9998,1.0089,N.A.
GERMANIUM TETRACHLORIDE,550.00,38.50,0.2411,1.4704,0.9999,0.3888,N.A.
GLUTARIC ACID,840.00,42.70,0.7526,1.2790,0.8838,1.3614,22.5286
GLUTARIC ANHYDRIDE,838.00,58.00,0.5372,0.5894,0.8993,1.9084,2.2376
GLYCERYL TRIACETATE,704.00,23.10,0.8389,0.3262,0.8060,3.4450,9.4796
HALOTHANE,496.00,39.20,0.2750,0.1616,0.8445,2.6402,-6.2449
HELIUM-4,5.20,2.27,-0.3900,0.0063,1.2175,1.0909,-4.8915
HEPTANAL,620.00,31.60,0.4058,0.3070,0.8548,2.4746,1.5185
HEXACHLOROBENZENE,825.00,28.50,0.4971,0.0314,0.0002,0.9180,N.A.
HEXACHLOROETHANE,695.00,33.40,0.2386,0.0685,0.7664,2.3012,N.A.
HEXAETHYLBENZENE,746.00,17.30,0.7534,0.8562,0.9305,1.6091,7.3032
"HEXAFLUORO-1,3-BUTADIENE",409.90,31.31,0.3510,1.2816,0.6368,0.6714,-0.4698
HEXAFLUOROACETONE,357.14,28.37,0.3636,0.1082,0.8165,3.1882,-1.8809
HEXAFLUOROBENZENE,516.73,32.73,0.3953,0.2072,0.8334,2.8375,6.0019
HEXAFLUOROETHANE,293.03,30.43,0.2549,0.2200,0.8326,2.1321,-6.7080
HEXAMETHYLBENZENE,758.00,27.70,0.4956,0.9052,0.9354,1.5664,7.0319
HEXAMETHYLCYCLOTRISILOXANE,554.20,17.80,0.4962,1.8195,0.7291,0.6037,-12.9191
HEXAMETHYLDISILAZANE,544.00,19.20,0.5101,0.4995,0.8819,2.1061,-2.2506
HEXAMETHYLDISILOXANE,519.00,19.20,0.4142,0.9293,0.3910,0.6036,2.5219
HEXANAL,594.00,34.60,0.3618,0.2555,0.8369,2.4406,2.6070
HEXANENITRILE,633.80,33.00,0.4343,0.4094,0.8744,2.1996,17.1045
HYDRAZINE,653.15,147.00,0.3143,0.4609,0.8428,1.5279,0.0113
HYDROGEN,33.19,13.13,-0.2160,1.5147,-3.7959,-0.1377,-5.3386
HYDROGEN BROMIDE,363.15,85.52,0.0734,0.8750,1.0000,0.5499,-2.7196
HYDROGEN CHLORIDE,324.65,83.10,0.1315,0.1704,0.8783,2.1503,0.8063
HYDROGEN CYANIDE,456.65,53.90,0.4099,0.4746,0.8982,1.9207,31.2870
HYDROGEN IODIDE,423.85,83.10,0.0381,0.9928,1.0000,0.4174,-4.2849
HYDROGEN PEROXIDE,730.15,217.00,0.3582,0.3191,0.8649,2.2883,-0.8741
HYDROGEN SELENIDE,411.15,89.20,0.0542,1.0805,0.9889,0.4098,-3.7986
HYDROGEN SULFIDE,373.53,89.63,0.0942,0.1120,0.8688,2.2735,-2.5056
INDANE,684.90,39.50,0.3092,0.2626,0.8437,2.2278,-2.5934
INDENE,687.00,38.20,0.3338,0.2242,0.8486,2.5723,9.5035
INDOLE,790.00,43.00,0.3763,0.5840,0.8283,1.3847,25.5844
IODINE,819.15,116.54,0.1115,0.0945,0.8615,2.3747,-11.9594
IODOBENZENE,721.15,45.19,0.2466,0.3396,0.8234,1.5970,1.3154
IRON,9340.00,10150.00,-0.0106,0.0273,0.0015,0.1183,N.A.
IRON PENTACARBONYL,559.65,31.53,0.2938,2.0688,1.0000,0.3599,-1.2860
ISOBUTANE,407.80,36.40,0.1835,0.1575,0.8601,2.3951,-4.0705
ISOBUTENE,417.90,40.00,0.1948,0.1873,0.8657,2.3151,-2.8471
ISOBUTYL ACETATE,560.80,30.10,0.4340,1.3088,1.0000,0.7314,5.9910
ISOBUTYL CHLORIDE,528.00,39.00,0.2416,0.1575,0.8478,2.5850,1.8907
ISOBUTYL FORMATE,551.35,38.81,0.3896,0.2823,0.8167,2.2469,-12.5572
ISOBUTYL ISOBUTYRATE,601.89,26.10,0.4006,0.1536,0.7800,2.6562,-6.0809
ISOBUTYL MERCAPTAN,559.00,40.60,0.2528,0.3730,0.8138,1.4766,-4.5212
ISOBUTYL METHACRYLATE,612.00,26.70,0.4205,0.2602,0.8244,2.5424,N.A.
ISOBUTYLAMINE,513.73,42.15,0.3627,0.2509,0.8485,2.5729,-5.9931
ISOBUTYLBENZENE,650.00,30.50,0.3817,0.7286,0.8939,1.2193,-12.1209
iso-BUTYLCYCLOHEXANE,642.10,25.85,0.3536,0.1652,0.8195,2.7728,-3.6643
ISOBUTYL-tert-BUTYL ETHER,558.30,25.61,0.3494,1.2300,1.0000,0.6940,N.A.
ISOBUTYRIC ACID,605.00,37.00,0.6140,0.2778,0.8191,3.1314,28.2008
ISOBUTYRIC ANHYDRIDE,631.50,27.19,0.5926,0.5905,0.8890,2.0222,-16.1964
ISOBUTYRONITRILE,565.00,37.60,0.3384,0.1861,0.8373,2.7649,25.2100
ISOPENTANE,460.40,33.80,0.2279,0.2084,0.8418,2.1382,-3.6211
ISOPENTYL ISOVALERATE,637.00,22.00,0.5785,0.3071,0.8295,2.9136,5.5694
ISOPHTHALOYL CHLORIDE,768.00,33.30,0.6455,0.9385,0.8747,1.3298,7.7171
ISOPRENE,484.00,38.50,0.1583,1.4359,1.0000,0.4061,3.4030
ISOPROPANOL,508.30,47.65,0.6630,1.6453,0.7944,0.7799,4.6495
ISOPROPYL ACETATE,532.00,32.90,0.3678,1.3324,0.8670,0.6522,6.8496
ISOPROPYL BUTYL ETHER,549.00,27.40,0.4032,0.2175,0.8350,2.8071,-9.1565
ISOPROPYL CHLORIDE,489.00,45.40,0.1986,0.1400,0.8361,2.3597,-3.9216
ISOPROPYL IODIDE,578.00,51.20,0.2380,0.3930,0.9153,1.7471,-20.3325
ISOPROPYL MERCAPTAN,517.00,47.50,0.2138,0.2766,0.8175,1.6365,-9.4239
ISOPROPYL MYRISTATE,738.00,14.00,0.9364,1.2489,0.8640,2.3388,-23.1611
ISOPROPYLAMINE,471.85,45.40,0.2759,0.1185,0.8006,2.5123,-1.5112
ISOPROPYLCYCLOHEXANE,627.00,28.50,0.3295,0.2064,0.8439,2.6500,0.9014
ISOPROPYLCYCLOPENTANE,593.00,30.40,0.3030,0.2011,0.8472,2.5950,0.4468
ISOQUINOLINE,803.15,51.00,0.3035,0.2715,0.8359,2.1118,-15.4948
ISOVALERIC ACID,629.09,36.88,0.6818,0.2363,0.8049,3.4703,10.7823
ISOXAZOLE,590.00,61.00,0.2568,0.2214,0.8610,2.3817,9.7247
KETENE,370.00,58.10,0.1257,1.0430,0.5217,0.4925,-0.2694
KRYPTON,209.35,55.02,0.0000,0.1016,0.8956,1.9487,-3.3325
LITHIUM,3503.00,384.20,-0.0556,0.4272,1.0000,0.7454,68.7466
LITHIUM IODIDE,2370.00,170.00,0.4570,0.3270,0.9193,1.7094,N.A.
L-MENTHOL,658.00,27.10,0.7796,0.6340,0.8693,2.2661,-10.1397
MALEONITRILE,704.00,37.30,0.5575,1.3381,0.9600,1.0598,N.A.
m-CHLOROANILINE,751.00,45.90,0.4198,0.2816,0.8258,2.4381,-0.7200
m-CHLORONITROBENZENE,742.00,39.80,0.4919,0.5973,0.9097,1.8023,13.7629
m-CHLOROPHENOL,729.00,53.20,0.4856,0.5758,0.9070,1.8290,-14.4433
m-CRESOL,705.85,45.60,0.4480,0.7237,0.7382,1.1935,6.0214
m-CYMENE,649.00,28.10,0.3780,0.2618,0.8211,2.3458,9.3276
m-DIBROMOBENZENE,761.00,46.60,0.2932,0.6762,0.8726,1.0797,N.A.
m-DICHLOROBENZENE,683.95,40.70,0.2790,0.4014,0.8265,1.5371,3.8713
m-DIETHYLBENZENE,663.00,28.80,0.3540,0.1557,0.8280,2.9428,7.1690
m-DIISOPROPYLBENZENE,684.00,24.50,0.3587,0.8346,0.3478,0.8148,-17.5906
m-DIVINYLBENZENE,692.00,31.20,0.3734,1.1205,1.0000,0.8005,16.3923
MERCURY,1735.00,1608.03,-0.1645,0.0747,0.9751,1.2196,-7.7620
MESITYL OXIDE,600.00,34.10,0.3254,0.2456,0.7685,1.9226,17.4088
MESITYLENE,637.30,31.27,0.3985,0.3453,0.8343,2.1256,7.2818
METHACROLEIN,530.00,42.50,0.2456,0.1494,0.8448,2.6349,14.6173
METHACRYLONITRILE,554.00,38.80,0.3013,0.4905,0.9270,1.6395,26.8827
METHANE,190.56,45.99,0.0115,0.1471,0.9074,1.8253,-3.5606
METHANOL,512.50,80.84,0.5658,0.6755,0.9141,1.7586,9.1865
METHYL ACETATE,506.55,47.50,0.3313,0.2075,0.8436,2.6544,4.0744
METHYL ACRYLATE,536.00,42.50,0.3423,0.6459,0.8908,1.2795,8.3516
METHYL alpha-METHOXYISOBUTYRATE,589.30,29.35,0.4212,0.1869,0.8253,2.9980,N.A.
METHYL BENZOATE,693.00,35.90,0.4205,0.3545,0.8627,2.3576,6.4553
METHYL CHLORIDE,416.25,66.80,0.1510,0.1633,0.8685,2.2771,0.4074
METHYL CHLOROACETATE,600.00,45.00,0.4340,0.2179,0.8299,2.9064,7.1136
METHYL CHLOROFORMATE,525.00,53.60,0.3921,0.1815,0.8282,2.9391,-3.6398
METHYL DICHLOROSILANE,483.00,39.50,0.2758,0.1787,0.8488,2.5680,-2.8342
METHYL DIETHANOLAMINE,741.90,41.60,0.6286,0.2346,0.8098,3.3446,5.9127
METHYL DODECANOATE,712.00,16.50,0.6644,0.2352,0.7819,3.1731,45.4737
METHYL ETHYL ETHER,437.80,44.00,0.2314,1.6527,0.9083,0.4143,-0.9117
METHYL ETHYL KETONE,535.50,41.50,0.3234,0.3362,0.8276,1.8730,8.6011
METHYL ETHYL SULFIDE,533.00,42.60,0.2091,0.7951,0.8407,0.7922,8.6611
METHYL FLUORIDE,317.42,58.75,0.1947,0.2566,0.8730,1.9682,6.1549
METHYL FORMATE,487.20,60.00,0.2556,0.1483,0.8429,2.6673,3.9840
METHYL IODIDE,528.20,66.00,0.1567,0.1592,0.8693,2.2666,1.2988
METHYL ISOBUTYL ETHER,497.00,34.10,0.3078,0.1840,0.8424,2.6750,-5.9977
METHYL ISOBUTYRATE,540.70,34.32,0.3637,0.1711,0.8300,2.9036,4.2088
METHYL ISOPROPENYL KETONE,566.00,38.90,0.2862,0.1478,0.8372,2.7683,11.8878
METHYL ISOPROPYL ETHER,464.48,37.62,0.2656,1.0104,0.9364,0.7293,-3.1902
METHYL ISOPROPYL KETONE,553.40,38.00,0.3208,1.5206,0.9746,0.5187,3.6243
METHYL ISOPROPYL SULFIDE,553.10,40.21,0.2461,0.1370,0.8396,2.6563,-3.8296
METHYL MERCAPTAN,469.95,72.30,0.1582,0.1414,0.8628,2.3559,-1.2249
METHYL METHACRYLATE,566.00,36.80,0.2802,0.1160,0.7669,2.2572,10.0940
METHYL n-BUTYL ETHER,512.74,33.71,0.3130,0.1669,0.8372,2.7671,0.5177
METHYL n-BUTYL SULFIDE,593.00,34.70,0.3229,0.2490,0.8298,2.2562,2.3997
METHYL n-BUTYRATE,554.50,34.73,0.3775,0.1877,0.8316,2.8732,7.1273
METHYL n-PENTYL ETHER,546.49,30.42,0.3442,0.1734,0.8337,2.8331,0.1195
METHYL n-PROPYL ETHER,476.25,38.01,0.2770,0.1639,0.8433,2.6593,-2.1965
METHYL n-PROPYL SULFIDE,565.00,39.70,0.2737,0.2374,0.8253,2.0811,-0.8832
METHYL PROPIONATE,530.60,40.04,0.3466,0.1722,0.8328,2.8497,5.2785
METHYL sec-BUTYL ETHER,498.00,34.10,0.3062,0.1785,0.8415,2.6902,-3.2763
METHYL SILICATE,562.80,28.73,0.4442,0.7389,0.8454,1.2684,-6.6619
METHYL STEARATE,781.10,10.84,0.8595,1.2022,0.3841,1.2195,137.0867
METHYL t-BUTYL SULFIDE,570.00,35.40,0.2334,0.3373,0.7895,1.4511,-4.9507
METHYL tert-BUTYL ETHER,497.10,32.86,0.2465,0.9289,0.7824,0.7315,N.A.
METHYL tert-PENTYL ETHER,534.00,30.40,0.2981,0.2026,0.8479,2.5836,2.9757
METHYL t-PENTYL SULFIDE,632.00,31.30,0.2836,0.1562,0.8401,2.7151,N.A.
METHYL TRICHLOROSILANE,517.00,35.30,0.2634,0.2100,0.8417,2.2750,-3.7213
METHYL VINYL DICHLOROSILANE,544.10,29.40,0.2928,0.1538,0.8375,2.7617,14.1516
METHYL VINYL ETHER,437.00,46.70,0.2416,0.1284,0.8404,2.7100,2.7449
METHYLACETYLENE,402.40,56.30,0.2115,0.1387,0.8489,2.5675,-1.2481
METHYLAL,480.60,39.50,0.2856,0.0843,0.8228,3.0508,11.6326
METHYLAMINE,430.05,74.60,0.2814,1.3043,1.0000,0.5774,2.1754
METHYLCYCLOHEXANE,572.10,34.80,0.2361,0.9072,0.8925,0.7499,-4.0252
METHYLCYCLOPENTANE,532.70,37.90,0.2288,0.3839,0.8082,1.3741,-3.4378
m-ETHYLTOLUENE,637.15,31.50,0.3649,1.1294,1.0000,0.7820,5.3416
m-METHYLSTYRENE,657.00,32.90,0.3487,0.1748,0.8332,2.8418,14.3295
MONOCHLOROBENZENE,632.35,45.19,0.2499,0.3875,0.8225,1.4703,1.4157
MORPHOLINE,618.00,53.40,0.3579,0.2690,0.8536,2.4921,-4.5655
m-PHENYLENEDIAMINE,824.00,51.80,0.5464,0.5710,0.8929,1.9778,9.3695
m-TOLUALCOHOL,681.00,39.10,0.7508,1.7641,1.0000,0.6830,-18.9362
m-TOLUIDINE,707.00,42.80,0.4348,0.2241,0.8316,2.8732,6.1559
m-XYLENE,617.00,35.41,0.3265,0.3506,0.8332,1.8594,5.1448
"N,N-DIETHYLANILINE",702.00,28.50,0.4262,1.5646,0.6021,0.6510,13.7745
"N,N-DIETHYLHYDROXYLAMINE",567.00,41.30,0.7154,0.8191,0.8266,1.5803,-10.6406
"N,N-DIMETHYLACETAMIDE",658.00,40.30,0.3635,1.1894,0.8635,0.7238,28.9569
"N,N-DIMETHYLANILINE",687.15,36.30,0.4022,1.3485,1.0000,0.6708,8.3534
"N,N-DIMETHYLFORMAMIDE",649.60,44.20,0.3177,0.3106,0.8463,2.1617,34.1879
N-AMINOETHYL ETHANOLAMINE,698.00,44.60,1.0473,0.4239,0.8050,3.4710,N.A.
NAPHTHALENE,748.40,40.50,0.3020,0.2984,0.8065,1.8271,4.6947
n-BUTANE,425.12,37.96,0.2002,0.1867,0.8645,2.3327,-3.5818
n-BUTYL ACETATE,575.40,30.90,0.4394,0.2615,0.8387,2.7408,3.1387
n-BUTYL ACRYLATE,598.00,29.10,0.4817,0.5371,0.8968,1.9355,-1.0145
n-BUTYL CHLORIDE,539.20,37.21,0.2472,0.1314,0.8396,2.7252,8.3424
n-BUTYL FORMATE,559.00,35.10,0.3878,0.2568,0.8163,2.3635,4.8949
n-BUTYL MERCAPTAN,570.10,39.70,0.2714,0.3545,0.8210,1.6093,1.7723
n-BUTYL n-BUTYRATE,616.00,25.40,0.4815,0.2692,0.8342,2.8134,6.9688
n-BUTYL NONANOATE,674.00,17.40,0.7277,0.8269,0.8438,2.6521,N.A.
n-BUTYL PROPIONATE,594.60,28.00,0.4644,0.4374,0.7791,1.7914,4.7122
n-BUTYL STEARATE,764.00,11.10,1.0246,1.3507,0.8567,2.4450,N.A.
n-BUTYL VALERATE,629.00,23.30,0.5955,0.5008,0.8362,2.6431,-2.6820
n-BUTYLAMINE,531.90,42.00,0.3292,0.1686,0.8176,2.6228,-1.4456
n-BUTYLBENZENE,660.50,28.90,0.3941,0.3988,0.8283,1.8875,2.9990
n-BUTYLCYCLOHEXANE,667.00,25.70,0.2743,1.7503,1.0000,0.4162,11.9028
n-BUTYLCYCLOPENTANE,621.00,27.20,0.3719,0.2863,0.8329,2.2935,3.7146
n-BUTYRIC ACID,615.70,40.60,0.6750,0.4226,0.8406,2.7061,17.8657
n-DECANE,617.70,21.10,0.4923,0.3677,0.8119,2.2188,12.8105
n-DECYL MERCAPTAN,696.00,21.30,0.5874,0.3488,0.8369,2.7738,22.0973
n-DECYLAMINE,663.00,21.80,0.6664,0.3295,0.8229,3.0487,10.1311
n-DECYLBENZENE,753.00,17.70,0.6797,0.5552,0.8671,2.2961,19.3952
n-DECYLCYCLOHEXANE,751.25,16.50,0.6627,0.4186,0.8354,2.6591,21.0744
n-DOCOSANE,787.00,10.60,0.9722,0.4788,0.7990,2.8499,85.1555
n-DODECANE,658.00,18.20,0.5764,0.3956,0.8112,2.3549,22.0285
n-DODECANOIC ACID,743.00,19.30,0.8983,0.2235,0.7845,4.0881,22.6092
n-DOTRIACONTANE,855.00,7.50,1.3765,0.5895,0.8126,3.2794,138.8543
n-EICOSANE,768.00,11.60,0.9069,0.4771,0.8160,2.9209,63.7019
NEON,44.40,26.53,-0.0396,0.1887,0.9470,1.4698,-2.3573
NEOPENTANE,433.80,31.96,0.1957,0.1268,0.8494,2.5589,-5.9622
n-HENEICOSANE,778.00,11.10,0.9420,0.4546,0.8186,3.1414,72.4116
n-HEPTADECANE,736.00,13.40,0.7697,0.5257,0.7969,2.3092,52.4579
n-HEPTANE,540.20,27.40,0.3495,0.3297,0.8222,1.9615,3.0908
n-HEPTANOIC ACID,677.30,30.43,0.7599,0.2992,0.7514,2.8859,5.8700
n-HEPTYL ACETATE,637.00,23.30,0.5943,0.2960,0.8246,2.9884,3.4137
n-HEPTYL FORMATE,628.00,25.40,0.5337,0.4950,0.8772,2.1638,7.3661
n-HEPTYL MERCAPTAN,645.00,27.70,0.4226,0.2915,0.8394,2.5059,8.7416
n-HEPTYLAMINE,607.00,28.50,0.5077,0.2578,0.8286,2.9311,3.3789
n-HEPTYLBENZENE,714.00,21.80,0.5272,0.5071,0.8802,2.1262,14.3213
n-HEXACOSANE,819.00,9.10,1.1544,0.7878,0.7570,1.8899,118.9130
n-HEXADECANE,723.00,14.00,0.7174,0.5372,0.7929,2.1458,51.9037
n-HEXANE,507.60,30.25,0.3013,0.2557,0.8377,2.1871,0.7925
n-HEXATRIACONTANE,874.00,6.80,1.5260,0.7189,0.7339,2.2270,178.8110
n-HEXYL ACETATE,618.00,25.40,0.5396,0.3008,0.8331,2.8432,4.0181
n-HEXYL FORMATE,607.00,28.00,0.4830,0.1939,0.8186,3.1427,9.2428
n-HEXYL MERCAPTAN,623.00,30.80,0.3681,0.3440,0.8276,1.9945,6.7273
n-HEXYLAMINE,584.00,31.80,0.4577,0.1935,0.8220,3.0669,2.2285
n-HEXYLBENZENE,698.00,23.80,0.4790,0.3206,0.8455,2.6230,12.0848
NITRIC OXIDE,180.15,64.80,0.5829,0.8815,0.9552,1.4047,-0.7540
NITROGEN,126.20,34.00,0.0377,0.1240,0.8897,2.0138,-3.6422
NITROGEN TRIFLUORIDE,234.00,44.61,0.1200,0.1167,0.8635,2.3460,-2.2008
NITROMETHANE,588.15,63.10,0.3480,0.3405,0.8755,2.1848,16.6626
NITROSYL CHLORIDE,440.65,91.20,0.3005,0.5112,0.9335,1.5823,N.A.
NITROUS OXIDE,309.57,72.45,0.1409,0.6248,0.7933,0.7976,-1.2372
N-METHYL-2-PYRROLIDONE,721.60,45.20,0.3732,0.2689,0.8506,2.5405,18.2229
N-METHYLANILINE,701.55,52.00,0.4750,0.5596,0.9046,1.8537,-21.4742
N-METHYLFORMAMIDE,721.00,56.20,0.4100,0.2187,0.8225,2.7274,37.2842
N-METHYLPYRROLE,610.00,47.70,0.2128,1.5800,1.0000,0.4107,N.A.
N-METHYLPYRROLIDINE,550.00,42.00,0.2258,0.1366,0.8455,2.6226,N.A.
n-NONADECANE,758.00,12.10,0.8522,0.5946,0.7934,2.2654,64.9064
n-NONANE,594.60,22.90,0.4435,0.4054,0.8097,1.9343,9.3189
n-NONYL MERCAPTAN,681.00,23.10,0.5260,0.3110,0.8370,2.7719,13.5259
n-NONYLAMINE,648.00,23.60,0.6171,0.3246,0.8279,2.9451,5.0700
n-OCTACOSANE,832.00,8.50,1.2375,0.5288,0.8064,3.4336,108.1889
n-OCTADECANE,747.00,12.70,0.8114,0.5533,0.7955,2.3067,59.0709
n-OCTANE,568.70,24.90,0.3996,0.3385,0.8185,2.0747,6.4134
n-OCTANOIC ACID,694.26,27.79,0.7734,0.2686,0.7551,3.0891,8.4784
n-OCTYL FORMATE,645.00,23.30,0.5871,0.5862,0.8882,2.0317,7.2004
n-OCTYL MERCAPTAN,667.30,25.20,0.4497,0.3450,0.8201,2.2212,12.8260
n-OCTYLAMINE,627.00,25.80,0.5694,0.2875,0.8266,2.9708,3.0076
n-OCTYLBENZENE,729.00,20.20,0.5670,0.4687,0.8649,2.3264,18.0801
NONANAL,658.50,26.80,0.4733,0.2057,0.8203,3.1034,-3.9769
n-PENTACOSANE,812.00,9.50,1.1053,0.5717,0.7803,2.4666,105.6645
n-PENTADECANE,708.00,14.80,0.6863,0.4770,0.7970,2.2636,45.3108
n-PENTANE,469.70,33.70,0.2515,0.2659,0.8404,1.9580,-1.6230
n-PENTANOIC ACID,639.16,36.30,0.7066,0.3286,0.7931,2.9098,15.7756
n-PENTYL ACETATE,599.90,27.70,0.4478,0.2840,0.8423,2.6776,6.9962
n-PENTYL MERCAPTAN,598.00,34.70,0.3207,0.4200,0.8168,1.5685,1.9251
n-PENTYLAMINE,555.00,35.80,0.4070,0.1715,0.8243,3.0184,0.3527
n-PENTYLBENZENE,679.90,26.04,0.4378,0.3620,0.8614,2.3760,9.4892
n-PROPYL ACETATE,549.73,33.60,0.3889,0.1843,0.8293,2.9166,8.0114
n-PROPYL ACRYLATE,569.00,32.50,0.4315,0.1880,0.8240,3.0252,1.2714
n-PROPYL BENZOATE,710.00,28.50,0.5209,1.5040,1.0000,0.6954,9.7196
n-PROPYL FORMATE,538.00,40.20,0.3088,0.1293,0.8292,2.9192,5.6798
n-PROPYL IODIDE,586.30,41.52,0.2230,0.2478,0.8270,1.8415,11.7023
n-PROPYL ISOBUTYRATE,579.40,28.40,0.4838,0.2008,0.8186,3.0976,-5.9377
n-PROPYL MERCAPTAN,536.60,46.30,0.2318,0.5175,0.8137,1.1229,-1.0851
n-PROPYL METHACRYLATE,599.00,29.10,0.3966,0.2471,0.8419,2.6848,4.9207
n-PROPYL n-BUTYRATE,593.70,27.20,0.4335,1.3575,1.0000,0.7023,9.1725
n-PROPYL PROPIONATE,568.60,30.60,0.4487,0.3352,0.8292,2.3103,3.8351
n-PROPYLAMINE,496.95,47.40,0.2798,1.5523,0.9091,0.4875,1.1866
n-PROPYLBENZENE,638.35,32.00,0.3444,0.2911,0.8268,2.1234,1.2941
n-PROPYLCYCLOHEXANE,639.15,28.07,0.2595,1.3357,1.0000,0.5434,7.0784
n-PROPYLCYCLOPENTANE,596.00,30.20,0.3266,0.2327,0.8395,2.4371,0.9751
n-TETRACOSANE,804.00,9.80,1.0710,0.4656,0.8097,3.3513,89.6547
n-TETRADECANE,693.00,15.70,0.6430,0.4902,0.7974,2.1353,39.6525
n-TRICOSANE,796.00,10.20,1.0262,0.4697,0.8142,3.2426,84.5878
n-TRIDECANE,675.00,16.80,0.6174,0.4482,0.8039,2.2343,30.0534
n-TRIDECANOIC ACID,754.00,17.90,0.9134,0.3097,0.7964,3.7101,29.2790
n-TRIDECYLBENZENE,790.00,14.80,0.7799,0.4024,0.8250,3.0053,29.2278
n-UNDECANE,639.00,19.50,0.5303,0.4185,0.8071,2.1224,18.1817
n-UNDECYLBENZENE,764.00,16.72,0.7287,0.5854,0.8666,2.3028,18.7721
o-CHLOROANILINE,722.00,45.90,0.4213,0.4344,0.8826,2.0969,2.6558
o-CHLOROTOLUENE,656.00,39.10,0.3044,0.1822,0.8424,2.6751,4.8469
o-CRESOL,697.55,50.10,0.4339,0.1884,0.8242,3.0216,-7.5977
OCTAFLUORO-2-BUTENE,392.00,23.30,0.2922,0.1488,0.8363,2.7833,18.4201
OCTAFLUOROCYCLOBUTANE,388.37,27.77,0.3558,0.2736,0.7998,2.0790,-6.9009
OCTAFLUOROPROPANE,345.05,26.80,0.3280,1.0384,1.0000,0.8046,-10.6166
OCTAMETHYLCYCLOTETRASILOXANE,586.50,13.17,0.5837,0.1126,0.7914,3.7913,2.7087
OCTANAL,638.90,29.60,0.4420,0.2504,0.8123,2.5886,-6.6550
o-CYMENE,657.00,29.00,0.3662,1.3233,0.9998,0.6506,8.5493
o-DICHLOROBENZENE,705.00,40.70,0.2192,0.6645,0.5362,0.7607,13.0842
o-DIETHYLBENZENE,668.00,28.80,0.3395,0.1146,0.8212,3.0855,13.8285
o-ETHYLPHENOL,703.00,42.90,0.4763,0.2396,0.8293,2.9171,-14.7930
o-ETHYLTOLUENE,650.00,32.90,0.3353,0.3031,0.8067,1.9372,4.2288
o-METHYLSTYRENE,659.00,34.70,0.3412,0.4187,0.7902,1.5589,5.1504
o-NITROTOLUENE,720.00,38.00,0.4878,0.5431,0.8974,1.9293,8.6075
o-PHENYLENEDIAMINE,781.00,51.80,0.5389,0.2632,0.8140,2.8778,6.3309
o-TERPHENYL,857.00,29.90,0.5513,0.3037,0.8325,2.8551,-46.3862
o-TOLUALCOHOL,691.00,39.20,0.7429,1.8262,1.0000,0.5957,0.7700
o-TOLUIC ACID,751.00,38.60,0.6572,0.2641,0.8122,3.2888,9.6754
o-TOLUIDINE,716.50,47.00,0.3842,0.1988,0.8339,2.8280,-4.7949
OXYGEN,154.58,50.43,0.0222,0.2129,0.8913,1.4005,-2.7667
o-XYLENE,630.30,37.32,0.3101,0.3108,0.8463,2.0289,2.5288
OZONE,261.00,55.70,0.2119,0.1520,0.8535,2.4937,3.8931
PALUSTRIC ACID,789.00,17.20,0.9174,1.5807,0.8437,2.6540,N.A.
p-AMINOAZOBENZENE,877.00,29.00,0.6345,0.2532,0.8119,3.2693,N.A.
p-AMINODIPHENYLAMINE,867.00,31.90,0.6940,0.2697,0.8096,3.3528,N.A.
PARALDEHYDE,579.00,35.00,0.4368,0.1169,0.8093,3.3610,-17.0398
p-BROMOTOLUENE,699.00,43.70,0.3179,1.1675,1.0000,0.6892,-14.3798
p-CHLOROBENZOTRIFLUORIDE,601.00,30.10,0.3715,0.1706,0.8288,2.9265,13.4746
p-CHLORONITROBENZENE,751.00,39.80,0.4874,0.2382,0.8258,2.9887,17.5028
p-CHLOROPHENOL,738.00,53.20,0.4849,0.5723,0.9058,1.8415,-10.3834
p-CHLOROTOLUENE,660.00,39.10,0.3123,0.1962,0.8444,2.6411,2.6443
p-CRESOL,704.65,51.50,0.5072,0.2376,0.8249,3.0064,-11.3233
p-CUMYLPHENOL,834.00,28.60,0.6888,0.2972,0.8150,3.2242,-18.0929
p-CYMENE,652.00,28.00,0.3738,0.4366,0.8380,1.7494,8.7899
p-DICHLOROBENZENE,684.75,40.70,0.2846,0.1641,0.8357,2.6247,4.9561
p-DIETHYLBENZENE,657.90,28.03,0.4028,0.2353,0.8386,2.7422,9.3030
p-DIISOPROPYLBENZENE,689.00,24.50,0.3900,0.7692,0.6240,0.9862,8.2058
p-DIMETHYLAMINOBENZALDEHYDE,832.00,30.70,0.5272,0.5922,0.9016,1.8847,N.A.
PENTACHLOROETHANE,665.00,36.80,0.2455,0.1847,0.8539,2.4879,13.5709
PENTAETHYLBENZENE,731.00,18.90,0.6697,0.6261,0.8783,2.1505,7.8482
PENTAFLUOROETHANE,339.17,36.20,0.3053,0.1780,0.8414,2.6936,-1.4502
PENTAFLUOROPHENOL,609.00,40.00,0.5030,0.3411,0.8461,2.6127,-2.9099
PENTAMETHYLBENZENE,719.15,28.70,0.4637,0.3569,0.8094,1.2755,20.4666
PENTANAL,566.10,38.45,0.3132,1.3073,1.0000,0.6133,5.5665
PENTYLCYCLOHEXANE,669.20,23.85,0.4612,0.2784,0.8393,2.7295,2.0827
PERCHLORYL FLUORIDE,368.40,53.70,0.1726,0.2689,0.8414,1.6259,-4.9955
PERFLUOROBUTANOIC ACID,530.00,26.50,0.7925,0.3060,0.7779,3.1443,13.5388
PERFLUOROMETHYLCYCLOPENTANE,451.44,21.72,0.4111,0.1739,0.8132,2.9030,-6.1378
PERFLUORO-n-HEPTANE,475.65,16.10,0.5429,1.4411,1.0000,0.7576,4.8866
PERFLUORO-n-HEXANE,449.55,18.02,0.4965,1.3420,0.9999,0.7756,-3.3219
PERFLUORO-n-OCTANE,502.20,14.78,0.5084,1.6779,0.9906,0.6539,8.9980
PERFLUORO-n-PENTANE,423.10,20.47,0.4016,0.2063,0.7550,2.2356,-5.0136
p-ETHYLPHENOL,716.45,42.90,0.5154,1.7254,1.0000,0.6104,N.A.
p-ETHYLTOLUENE,640.20,32.30,0.3666,0.3008,0.8601,2.3955,-3.2306
PHENANTHRENE,869.00,29.00,0.4707,0.3472,0.8529,2.5032,55.8482
PHENETOLE,647.15,34.20,0.4179,0.2584,0.8411,2.6985,6.8864
PHENOL,694.25,61.30,0.4435,0.1991,0.8256,2.9910,-10.9343
PHENYL ISOCYANATE,653.00,40.60,0.4123,0.5399,0.9129,1.7708,1.7169
PHENYL MERCAPTAN,689.00,47.40,0.2628,0.2836,0.8036,1.7731,-0.6250
PHENYLACETONITRILE,732.00,34.60,0.4715,1.2638,1.0000,0.8013,36.8356
PHENYLMETHYLDICHLOROSILANE,689.00,28.70,0.4022,0.2206,0.8318,2.7596,-3.0403
PHENYLTRICHLOROSILANE,688.00,29.60,0.3956,0.2228,0.8370,2.7705,-1.4601
PHOSGENE,455.00,56.74,0.2013,0.3604,0.8157,1.3520,-5.1291
PHOSPHINE,324.75,65.40,0.0452,0.1839,0.9091,1.8077,-7.2417
PHOSPHORUS OXYCHLORIDE,602.15,34.40,0.0832,2.1675,0.9214,0.2352,55.1070
PHOSPHORUS TRICHLORIDE,563.15,56.70,0.2344,0.2137,0.8675,2.2910,-16.1186
PHOSPHORUS TRIFLUORIDE,271.10,43.27,0.2121,0.1383,0.8499,2.5512,N.A.
PHTHALAN,700.00,42.85,0.3715,0.3159,0.8183,2.0699,2.9091
p-HYDROXYBENZALDEHYDE,844.00,49.90,0.6172,1.0645,0.9756,1.1742,13.9206
PIPERAZINE,638.00,55.30,0.4138,0.1813,0.8252,2.9993,N.A.
PIPERIDINE,594.05,46.51,0.2428,1.1486,1.0000,0.6192,-4.4438
p-METHYLSTYRENE,665.00,33.60,0.3175,0.2181,0.8123,2.2587,3.1366
p-NITROTOLUENE,743.00,32.07,0.4252,0.5012,0.8979,1.9235,49.3115
POTASSIUM,2223.00,160.00,-0.2028,0.1240,0.9571,0.9549,61.7484
p-PHENYLENEDIAMINE,796.00,51.80,0.5386,0.2319,0.8193,3.1255,8.9900
PROPADIENE,394.00,52.50,0.1041,1.0853,0.4788,0.4593,1.9230
PROPANAL,503.60,50.38,0.2813,0.7800,0.9191,0.9736,5.9984
PROPANE,369.83,42.48,0.1523,0.1596,0.8681,2.2820,-3.8927
PROPARGYL ALCOHOL,588.80,61.90,0.4567,0.3727,0.8617,2.3718,10.4471
PROPENYL CYCLOHEXENE,636.00,31.20,0.3420,0.9842,0.9100,1.7986,-14.2299
PROPIONIC ACID,600.81,46.68,0.5796,1.2315,0.9999,0.9495,20.8093
PROPIONIC ANHYDRIDE,623.00,32.70,0.5599,0.3319,0.8371,2.7690,0.4338
PROPIONITRILE,561.30,42.60,0.3501,0.4765,0.9096,1.8031,32.7314
PROPYL CHLORIDE,503.15,44.25,0.2150,0.1570,0.8521,2.5157,2.9616
PROPYLENE,364.85,46.00,0.1376,0.4641,0.8419,1.0455,-3.5620
PROPYLENE GLYCOL 1-tert-BUTYL ETHER,600.70,27.20,0.4863,0.2000,0.8195,3.1227,5.3921
PROPYLENE GLYCOL alpha-METHYLBENZYL ETHER,719.00,24.79,0.6371,1.5917,0.9056,1.8436,N.A.
PROPYLENE GLYCOL ETHYL ETHER ACETATE,613.00,27.60,0.5425,0.0000,1.0000,0.2000,44.5037
PROPYLENE GLYCOL MONOMETHYL ETHER ACETATE,597.90,30.09,0.4807,1.2242,0.8952,0.8363,5.9963
PROPYLENE GLYCOL n-PROPYL ETHER,573.00,33.00,0.8002,1.3538,0.8945,1.9606,-29.2859
p-TERPHENYL,908.00,29.90,0.6426,0.2937,0.8193,3.1266,-30.9795
p-tert-BUTYLPHENOL,734.00,33.40,0.5094,0.2324,0.8223,3.0615,-8.2297
p-tert-OCTYLPHENOL,765.00,22.80,0.6326,0.2791,0.8177,3.1622,N.A.
p-TOLUALDEHYDE,715.80,39.22,0.3827,0.2242,0.8392,2.7322,8.5673
p-TOLUIDINE,693.15,40.00,0.4722,0.3180,0.8367,2.5326,13.6001
p-XYLENE,616.20,35.11,0.3218,0.2262,0.8501,2.5471,5.3732
PYRAZINE,626.00,54.90,0.2030,0.0695,0.8327,2.8515,12.3796
PYRAZOLE,734.00,66.00,0.2868,0.1640,0.8407,2.7049,18.3364
PYRENE,936.00,26.10,0.5074,0.3811,0.8555,2.4636,N.A.
PYRIDINE,619.95,56.30,0.2386,0.4805,0.8016,1.1963,-0.8446
PYRIMIDINE,638.00,54.90,0.2105,0.1130,0.8428,2.6693,N.A.
PYRROLE,639.75,65.30,0.2976,1.2798,1.0000,0.6067,3.2639
PYRROLIDINE,568.55,56.10,0.2668,0.1460,0.7945,2.2621,-6.3773
QUINALDINE,769.00,33.50,0.3591,0.8463,0.5785,0.8724,27.7699
QUINOLINE,782.15,48.60,0.3465,0.2736,0.8574,2.4341,-12.2819
QUINONE,683.00,59.60,0.4945,0.6370,0.4405,0.6677,-7.2775
RADON,377.50,62.80,0.0000,0.1338,0.0001,0.2816,-0.8164
RDX,895.20,41.60,1.0118,0.4216,0.8073,3.4119,N.A.
sec-BUTENYL ACETATE,563.50,33.07,0.3922,0.1391,0.8085,2.9978,N.A.
sec-BUTYL ACETATE,561.00,31.70,0.3954,1.6713,0.9961,0.5247,-4.3594
sec-BUTYL CHLORIDE,520.60,39.00,0.2907,0.2889,0.8727,2.2207,-3.0440
sec-BUTYL FORMATE,546.00,35.80,0.3489,1.5709,1.0000,0.5229,-0.3180
sec-BUTYL MERCAPTAN,554.00,40.60,0.2506,0.3063,0.8247,1.7061,-6.0581
sec-BUTYLAMINE,514.30,40.00,0.2815,0.1380,0.8357,2.7944,0.2515
sec-BUTYLBENZENE,664.54,29.50,0.2791,0.0916,0.8249,3.0055,6.9280
sec-BUTYL-tert-BUTYL ETHER,559.40,25.61,0.3489,1.1799,1.0000,0.7305,-11.5211
SILANE,269.70,48.40,0.0938,0.3789,0.9638,1.3370,-12.8030
STYRENE,636.00,38.40,0.2971,0.3150,0.8229,1.8367,4.0511
SUCCINIMIDE,858.00,59.70,0.4834,0.2023,0.8071,2.9626,N.A.
SULFUR DICHLORIDE,542.00,66.80,0.2561,1.2028,0.9160,0.3841,2.8603
SULFUR DIOXIDE,430.75,78.84,0.2454,0.4184,0.8238,1.4068,-0.0493
SULFUR HEXAFLUORIDE,318.69,37.60,0.2151,0.4935,0.4816,0.8175,-5.4941
SULFURYL CHLORIDE,545.00,46.10,0.1764,0.5272,0.4870,0.7399,13.5251
TEREPHTHALDEHYDE,739.00,36.70,0.5832,0.2421,0.8161,3.1991,N.A.
tert-BUTYL ACETATE,545.00,31.70,0.3396,0.4166,0.7274,1.4202,-3.7750
tert-BUTYL CHLORIDE,507.00,39.00,0.1914,0.1371,0.8523,2.5127,-8.2012
tert-BUTYL ETHYL ETHER,509.40,29.34,0.3162,0.1500,0.8324,2.8558,-4.3077
tert-BUTYL MERCAPTAN,530.00,40.60,0.1914,0.1154,0.8344,2.4607,-14.0557
tert-BUTYL METHACRYLATE,588.30,27.27,0.3977,0.1143,0.8124,3.2513,-6.3850
tert-BUTYLAMINE,483.90,38.40,0.2748,1.9553,0.8980,0.3784,-3.1938
tert-BUTYLBENZENE,660.00,29.70,0.2674,1.4311,1.0000,0.5110,1.5425
tert-BUTYLFORMAMIDE,692.00,35.60,0.4491,0.1986,0.8238,3.0296,N.A.
tert-NONYL MERCAPTAN,659.00,23.40,0.4514,0.6124,0.8298,2.0567,10.6956
tert-OCTYL MERCAPTAN,627.00,25.90,0.3001,0.1521,0.8359,2.7909,2.5815
TETRACHLOROETHYLENE,620.00,44.90,0.2138,0.1095,0.8401,2.7152,0.9128
TETRACHLOROSILANE,507.00,35.90,0.2318,1.2958,1.0000,0.5235,-3.1922
TETRAETHOXYSILANE,592.20,20.45,0.6325,0.0000,0.7775,2.6389,-9.9687
TETRAETHYL LEAD,655.00,21.25,0.4812,0.4975,0.8204,1.8026,33.1704
TETRAETHYL SILANE,606.00,24.00,0.4002,1.0031,0.9810,0.9408,-7.8569
TETRAETHYLENEPENTAMINE,774.00,25.30,1.2365,0.5604,0.8125,3.2827,-6.7640
TETRAFLUOROETHYLENE,306.45,39.44,0.2265,0.2848,0.8178,1.6793,-1.3941
TETRAFLUOROHYDRAZINE,309.35,37.10,0.2233,0.4617,0.9455,1.4823,N.A.
TETRAHYDROFURAN,540.15,51.90,0.2254,0.1659,0.8527,2.4983,-0.8149
TETRAHYDROPYRAN,572.04,47.71,0.2162,0.1409,0.8425,2.5010,-5.9186
TETRAHYDROTHIOPHENE,631.95,51.60,0.1996,1.2612,0.9997,0.5048,4.9823
TETRAMETHYLSILANE,450.40,28.14,0.2240,0.9042,0.8537,0.7288,-4.2356
THIACYCLOPROPANE,547.00,67.80,0.1610,0.1338,0.8586,2.4172,4.2396
THIONYL CHLORIDE,567.00,44.30,0.0946,1.0413,0.8257,0.4955,34.1001
THIOPHENE,579.35,56.90,0.1970,0.1322,0.8505,2.5420,-2.4167
THYMOL,698.25,34.08,0.7226,0.6192,0.8747,2.1951,-18.2346
TIN(IV) CHLORIDE,591.85,37.44,0.2613,1.3964,0.9299,0.4845,1.0369
TOLUENE,591.75,41.08,0.2640,0.3094,0.8305,1.7808,1.2369
"trans,trans-2,4-HEXADIENE",535.00,33.50,0.2821,0.1613,0.8411,2.6973,9.4560
"trans-1,2-DICHLOROETHYLENE",516.50,55.10,0.2234,0.2312,0.8731,2.2158,-4.7284
"trans-1,2-DIMETHYLCYCLOHEXANE",596.15,29.38,0.2379,1.2357,1.0000,0.5628,8.9774
"trans-1,2-DIMETHYLCYCLOPENTANE",553.15,34.45,0.2698,0.2100,0.8559,2.4575,-12.0668
"trans-1,3,3,3-TETRAFLUOROPROPENE",382.51,36.62,0.3238,0.1472,0.8304,2.8890,-1.4789
"trans-1,3-DIMETHYLCYCLOHEXANE",598.00,29.38,0.2335,1.3761,1.0000,0.4970,9.3489
"trans-1,3-DIMETHYLCYCLOPENTANE",553.00,34.45,0.2699,0.2163,0.8576,2.4326,-11.9932
"trans-1,3-PENTADIENE",500.00,37.40,0.1162,1.7662,1.0000,0.3027,8.7814
"trans-1,4-DIMETHYLCYCLOHEXANE",587.70,29.40,0.2548,0.6723,0.8330,0.9915,2.2313
"trans-2,n-HEXYL-DECAHYDRONAPHTHALENE",777.20,18.14,0.4668,1.1656,0.8733,2.2132,N.A.
trans-2-BUTENE,428.60,41.00,0.2176,0.2025,0.8653,2.3206,-3.0236
trans-2-DODECENE,663.00,18.90,0.5693,0.9280,0.8619,2.3685,N.A.
trans-2-EICOSENE,741.80,12.21,0.8784,1.2868,0.8625,2.3599,N.A.
trans-2-HEPTENE,543.10,28.50,0.3366,0.2080,0.8427,2.6700,4.5980
trans-2-HEXENE,509.80,31.68,0.2886,0.6141,0.8484,1.1627,2.0491
trans-2-OCTENE,571.60,25.89,0.3840,0.2260,0.8396,2.7246,7.5409
trans-2-PENTENE,474.20,36.60,0.2484,0.5987,0.8562,1.1013,-3.4005
trans-3-HEPTENE,540.00,28.50,0.3341,0.2177,0.8456,2.6212,2.9760
trans-3-HEXENE,509.00,31.70,0.2854,0.3640,0.8115,1.6053,0.3593
trans-3-OCTENE,574.00,25.80,0.3438,0.1932,0.8382,2.7497,8.1902
trans-4-OCTENE,573.00,25.80,0.3393,0.1983,0.8399,2.7194,7.7515
trans-CROTONITRILE,586.00,38.80,0.3977,0.4403,0.8893,2.0121,31.0755
trans-DECAHYDRONAPHTHALENE,687.00,32.00,0.2993,0.2375,0.8506,2.3802,-8.5896
trans-STILBENE,820.00,27.40,0.4874,1.3106,0.7009,0.7914,N.A.
TRIBROMOMETHANE,696.00,60.90,0.1561,1.4429,0.8242,0.4097,-8.7413
TRICHLOROACETIC ACID,688.00,48.10,0.5490,0.2033,0.7990,3.1280,-3.2548
TRICHLOROACETYL CHLORIDE,604.00,43.20,0.2824,0.2539,0.8647,2.3300,-13.1026
TRICHLOROETHYLENE,571.00,49.10,0.2166,0.9702,0.8821,0.6770,-1.8804
TRICHLOROFLUOROMETHANE,471.20,44.08,0.1894,0.3338,0.8318,1.4422,-4.7566
TRICHLOROSILANE,479.00,41.70,0.2031,0.6241,0.8319,0.9430,-7.3000
TRIDECAFLUOROHEPTANOIC ACID,583.00,20.75,0.9562,0.4502,0.7221,2.6273,-16.7579
TRIDECANAL,720.00,22.38,0.7452,0.5047,0.8482,2.5790,-17.0990
TRIETHYLAMINE,535.15,30.40,0.3162,0.1805,0.8400,2.7180,-5.3976
TRIETHYLENEDIAMINE,655.00,39.10,0.4602,0.2166,0.8264,2.9763,N.A.
TRIFLUOROACETAMIDE,648.00,50.59,0.4814,1.1706,0.9180,1.7224,N.A.
TRIFLUOROMETHANE,299.01,48.16,0.2641,0.3864,0.8420,1.5744,2.9438
TRIMETHYLALUMINUM,620.00,40.00,0.2179,0.0000,0.7418,2.3647,N.A.
TRIMETHYLAMINE,433.25,40.70,0.2062,0.1909,0.8590,2.2795,-2.1919
TRIMETHYLCHLOROSILANE,497.75,32.00,0.2701,0.1757,0.8471,2.5957,-6.6012
TRIMETHYLENE SULFIDE,602.00,58.60,0.1731,0.5648,0.8324,0.9620,8.1872
TRIMETHYLGALLIUM,510.00,40.40,0.2077,0.0000,0.7842,2.8305,N.A.
TRI-n-BUTYLAMINE,644.00,18.00,0.6943,0.2752,0.8106,3.3297,7.8533
TRIOXANE,604.00,58.20,0.3337,0.1665,0.8336,2.8345,N.A.
TRIPHENYLMETHANE,865.00,22.00,0.5735,1.1476,0.8557,2.0558,-0.9531
TRIPROPYLENE GLYCOL MONOETHYL ETHER,664.00,20.20,1.1610,1.6239,0.8804,2.1245,-50.0525
TRIS(2-METHOXYETHOXY)VINYLSILANE,723.90,17.79,0.7150,0.3106,0.8148,3.2273,N.A.
UNDECANAL,690.00,23.93,0.6352,0.2793,0.8103,3.1012,-16.5731
UNDECYL MERCAPTAN,710.00,19.80,0.6388,0.4688,0.8546,2.4770,24.0802
VALERONITRILE,610.30,35.80,0.4069,0.4937,0.8996,1.9049,21.2342
VANADIUM,11325.00,10314.00,-0.1868,0.6245,0.9993,0.3908,N.A.
VINYL CHLORIDE,432.00,56.70,0.1001,0.0102,0.8375,2.7617,-1.1919
VINYL FLUORIDE,327.80,52.40,0.1429,0.0452,0.8376,2.7596,-1.5324
VINYL FORMATE,498.00,50.20,0.2849,1.0638,0.6419,0.6856,3.0961
VINYL PROPIONATE,546.00,36.80,0.3802,0.1775,0.8291,2.9220,1.6204
VINYLACETONITRILE,584.00,38.80,0.3782,0.3269,0.8644,2.3340,35.1286
VINYLACETYLENE,454.00,48.60,0.1069,1.0083,1.0000,0.5471,3.0620
